
DROP DATABASE IF EXISTS cita_test_db;
CREATE DATABASE IF NOT EXISTS cita_test_db;
USE cita_test_db;



CREATE TABLE categories (
  id INT NOT NULL,
  name VARCHAR(255) NOT NULL DEFAULT 'others',
  parent_category_id INT DEFAULT NULL,
  saloon_id INT NOT NULL,
  created_at TIMESTAMP NOT NULL DEFAULT CURRENT_TIMESTAMP,
  updated_at TIMESTAMP NOT NULL DEFAULT CURRENT_TIMESTAMP ON UPDATE CURRENT_TIMESTAMP
);

INSERT INTO categories (id, name, parent_category_id, saloon_id, created_at, updated_at) VALUES
(1, 'coupe', NULL, 1, '2022-02-03 23:52:25', '2022-02-03 23:52:25'),
(2, 'coiffage', NULL, 1, '2022-02-03 23:52:25', '2022-02-03 23:52:25'),
(3, 'brushing', NULL, 2, '2022-02-03 23:52:25', '2022-02-03 23:52:25'),
(4, 'coupe', NULL, 2, '2022-02-03 23:52:25', '2022-02-03 23:52:25'),
(5, 'coiffage', NULL, 2, '2022-02-03 23:52:25', '2022-02-03 23:52:25'),
(6, 'brushing', NULL, 3, '2022-02-03 23:52:25', '2022-02-03 23:52:25'),
(7, 'coupe', NULL, 3, '2022-02-03 23:52:25', '2022-02-03 23:52:25'),
(8, 'coiffage', NULL, 3, '2022-02-03 23:52:25', '2022-02-03 23:52:25'),
(9, 'brushing', NULL, 4, '2022-02-03 23:52:25', '2022-02-03 23:52:25'),
(10, 'coupe', NULL, 4, '2022-02-03 23:52:25', '2022-02-03 23:52:25'),
(11, 'coiffage', NULL, 4, '2022-02-03 23:52:25', '2022-02-03 23:52:25'),
(12, 'brushing', NULL, 5, '2022-02-03 23:52:25', '2022-02-03 23:52:25'),
(13, 'coupe', NULL, 5, '2022-02-03 23:52:25', '2022-02-03 23:52:25'),
(14, 'coiffage', NULL, 5, '2022-02-03 23:52:25', '2022-02-03 23:52:25'),
(15, 'brushing', NULL, 6, '2022-02-03 23:52:25', '2022-02-03 23:52:25'),
(16, 'coupe', NULL, 6, '2022-02-03 23:52:25', '2022-02-03 23:52:25'),
(17, 'coiffage', NULL, 6, '2022-02-03 23:52:25', '2022-02-03 23:52:25'),
(18, 'brushing', NULL, 7, '2022-02-03 23:52:25', '2022-02-03 23:52:25'),
(19, 'coupe', NULL, 7, '2022-02-03 23:52:25', '2022-02-03 23:52:25'),
(20, 'coiffage', NULL, 7, '2022-02-03 23:52:25', '2022-02-03 23:52:25'),
(21, 'coupe', NULL, 8, '2022-02-03 23:52:25', '2022-02-03 23:52:25'),
(22, 'coiffage', NULL, 8, '2022-02-03 23:52:25', '2022-02-03 23:52:25'),
(23, 'brushing', NULL, 9, '2022-02-03 23:52:25', '2022-02-03 23:52:25'),
(24, 'coupe', NULL, 9, '2022-02-03 23:52:25', '2022-02-03 23:52:25'),
(25, 'coupe', NULL, 10, '2022-02-03 23:52:25', '2022-02-03 23:52:25'),
(26, 'others', NULL, 1, '2022-02-03 23:52:25', '2022-02-03 23:52:25'),
(27, 'others', NULL, 2, '2022-02-03 23:52:25', '2022-02-03 23:52:25'),
(28, 'others', NULL, 3, '2022-02-03 23:52:25', '2022-02-03 23:52:25'),
(29, 'others', NULL, 4, '2022-02-03 23:52:25', '2022-02-03 23:52:25'),
(30, 'others', NULL, 10, '2022-02-03 23:52:25', '2022-02-03 23:52:25');



CREATE TABLE credentials (
  id INT NOT NULL,
  username VARCHAR(255) NOT NULL,
  password VARCHAR(255) NOT NULL,
  role VARCHAR(255) NOT NULL,
  is_enabled BOOLEAN DEFAULT false,
  is_account_non_expired BOOLEAN DEFAULT true,
  is_account_non_locked BOOLEAN DEFAULT true,
  is_credentials_non_expired BOOLEAN DEFAULT true,
  created_at TIMESTAMP NOT NULL DEFAULT CURRENT_TIMESTAMP,
  updated_at TIMESTAMP NOT NULL DEFAULT CURRENT_TIMESTAMP ON UPDATE CURRENT_TIMESTAMP
);

INSERT INTO credentials (id, username, password, role, is_enabled, is_account_non_expired, is_account_non_locked, is_credentials_non_expired, created_at, updated_at) VALUES
(1, 'samirlarbi', '$2a$13$ylWytUDiszfIA.fl5T0./ucSN7Rzh7bgqGHRhrrKU1xKTpl9kreHy', 'EMPLOYEE', 1, 1, 1, 1, '2022-02-03 23:52:18', '2022-02-03 23:52:18'),
(2, 'omaryounsi', '$2a$13$kk1VzOwnmA5TyK/wKFSXB.f2eRkO/SAnM/dP23MgppPbhP9qIexU2', 'EMPLOYEE', 1, 1, 1, 1, '2022-02-03 23:52:18', '2022-02-03 23:52:18'),
(3, 'arefkanzarii', '$2a$13$/5fa3ftImrvcwc7ysupkxe5K6dR90xkng.UAZoAnEtCaP2ARUfLEC', 'MANAGER', 1, 1, 1, 1, '2022-02-03 23:52:18', '2022-02-03 23:52:18'),
(4, 'amineladjimi', '$2a$13$kLkPWLEAN32EdY3c01.Wj.XEidma3wHGSwn0uQ0RBTEaQTgbK2bN.', 'MANAGER', 1, 1, 1, 1, '2022-02-03 23:52:18', '2022-02-03 23:52:18'),
(5, 'azizhorri', '$2a$13$CyVmhgX7g0KTzJJ8LZLyiuIiQvKykJTlx9I/Sc3YPzY7q9YSWSzT.', 'EMPLOYEE', 1, 1, 1, 1, '2022-02-03 23:52:18', '2022-02-03 23:52:18'),
(6, 'selimhorri', '$2a$13$uD.2ESn0JnzFPj5lzXVY.e6gcJOgfhXpDxOk/tugxwyplcuWqoUUO', 'EMPLOYEE', 1, 1, 1, 1, '2022-02-03 23:52:18', '2022-02-03 23:52:18'),
(7, 'omarderouiche', '$2a$13$voGrBYDr3Ue8D4bfjMfsoO2CY0ehRQJXiqG7EqSSuemzEuL.sXtJG', 'EMPLOYEE', 1, 1, 1, 1, '2022-02-03 23:52:18', '2022-02-03 23:52:18'),
(8, 'lionelmessi', '$2a$13$d1/N.nPD3lszw7q7Gi5RQepqpknUNiQfCZF9VXT4Ve8Sgi5Sw7Hf2', 'EMPLOYEE', 1, 1, 1, 1, '2022-02-03 23:52:18', '2022-02-03 23:52:18'),
(9, 'jacksparrow', '$2a$13$8wkjLIO9v4nh6dV9E7AuMuXwrZKowxSvrF8Zktx6uS6.NEmzpN3/2', 'MANAGER', 1, 1, 1, 1, '2022-02-03 23:52:18', '2022-02-03 23:52:18'),
(10, 'samehderbeli', '$2a$13$2/685XZRYQjRlZXjWAvEYeHIx5JcPg7KSVQTaFOygC/hevHT0Voh2', 'MANAGER', 1, 1, 1, 1, '2022-02-03 23:52:18', '2022-02-03 23:52:18'),
(11, 'lamjedsaleh', '$2a$13$Eem3j/MnT7DVGV9lAsYN7urkQ4FeqmAUL2Iweo6o6c0DzQamDHJkO', 'CUSTOMER', 1, 1, 1, 1, '2022-02-03 23:52:18', '2022-02-03 23:52:18'),
(12, 'achrefhakimi', '$2a$13$7NinXC7JZ3qG8rzM8wCBDOGhaPCqtEmIuq9vZA0Xv/6EgpVdZLu3m', 'CUSTOMER', 1, 1, 1, 1, '2022-02-03 23:52:18', '2022-02-03 23:52:18'),
(13, 'mondherkbayer', '$2a$13$./ZFLkODm0WDvo8r4mwAtOWRcSNaL6BhdqHs6Cge3nC32Ib1X2Qju', 'CUSTOMER', 1, 1, 1, 1, '2022-02-03 23:52:18', '2022-02-03 23:52:18'),
(14, 'youssefmsekni', '$2a$13$xDl1U1H7BmocO7fRzPn19OWa6kQiFDKVTEu6/BasRBGJLGNvbC71q', 'CUSTOMER', 1, 1, 1, 1, '2022-02-03 23:52:18', '2022-02-03 23:52:18'),
(15, 'cr7', '$2a$13$rYF4tlpUDE6u5W3LjQIP/uDGrLfxkFZFPxQL.wUqiOnIsoAm2ovju', 'CUSTOMER', 1, 1, 1, 1, '2022-02-03 23:52:18', '2022-02-03 23:52:18'),
(16, 'mehrezbensaleh', '$2a$13$oY0gT2gEAKHYEDaU92tEn.MXvfvKtwFTly6xPaBxucjbG4hMgpD1S', 'CUSTOMER', 1, 1, 1, 1, '2022-02-03 23:52:18', '2022-02-03 23:52:18'),
(17, 'slimenlabyedh', '$2a$13$TGgXBYils/D3cmG4D5lXmuRw4/WnAlRyL7CwfG5BHt99l/Bd8jQoC', 'CUSTOMER', 1, 1, 1, 1, '2022-02-03 23:52:18', '2022-02-03 23:52:18'),
(18, 'sboui', '$2a$13$eX4x5THm8sOmBE5dMZqkVezK8sC3H8xxx15mP4OrFnVKBL4XN3X0e', 'CUSTOMER', 1, 1, 1, 1, '2022-02-03 23:52:18', '2022-02-03 23:52:18'),
(19, 'bejimatrix', '$2a$13$vRVbJXTR4VzdggsQTG67UOFSIUHaxHVcTj6UXAZQH3wfcnwQVrSCO', 'CUSTOMER', 1, 1, 1, 1, '2022-02-03 23:52:18', '2022-02-03 23:52:18'),
(20, 'jamesbond', '$2a$13$OWH4ITmvhReAlKuuyAaRl..Mtj4jtfHk837YkwoT.cplLDoqGQOpS', 'CUSTOMER', 1, 1, 1, 1, '2022-02-03 23:52:18', '2022-02-03 23:52:18');



CREATE TABLE customers (
  id INT NOT NULL,
  firstname VARCHAR(255) DEFAULT NULL,
  lastname VARCHAR(255) DEFAULT NULL,
  email VARCHAR(255) DEFAULT '@gmail.com',
  phone VARCHAR(255) DEFAULT '+21622125144',
  birthdate DATE DEFAULT NULL,
  user_images_id INT DEFAULT NULL,
  credential_id INT DEFAULT NULL,
  created_at TIMESTAMP NOT NULL DEFAULT CURRENT_TIMESTAMP,
  updated_at TIMESTAMP NOT NULL DEFAULT CURRENT_TIMESTAMP ON UPDATE CURRENT_TIMESTAMP
);

INSERT INTO customers (id, firstname, lastname, email, phone, birthdate, user_images_id, credential_id, created_at, updated_at) VALUES
(1, 'lamjed', 'saleh', '@gmail.com', '+21622125144', '1990-02-10', NULL, 11, '2022-02-03 23:52:17', '2022-02-03 23:52:17'),
(2, 'achref', 'hakimi', '@gmail.com', '+21622125144', NULL, NULL, 12, '2022-02-03 23:52:17', '2022-02-03 23:52:17'),
(3, 'mondher', 'kbayer', '@gmail.com', '+21622125144', NULL, NULL, 13, '2022-02-03 23:52:17', '2022-02-03 23:52:17'),
(4, 'youssef', 'msekni', '@gmail.com', '+21622125144', NULL, NULL, 14, '2022-02-03 23:52:17', '2022-02-03 23:52:17'),
(5, 'CR7', '', '@gmail.com', '+21622125144', NULL, NULL, 15, '2022-02-03 23:52:17', '2022-02-03 23:52:17'),
(6, 'mehrez', 'ben saleh', '@gmail.com', '+21622125144', '1954-02-09', NULL, 16, '2022-02-03 23:52:17', '2022-02-03 23:52:17'),
(7, 'slimen', 'labyedh', '@gmail.com', '+21622125144', '1980-01-07', NULL, 17, '2022-02-03 23:52:17', '2022-02-03 23:52:17'),
(8, 'sboui', '', '@gmail.com', '+21622125144', NULL, NULL, 18, '2022-02-03 23:52:17', '2022-02-03 23:52:17'),
(9, 'beji', 'matrix', '@gmail.com', '+21622125144', '1995-01-01', NULL, 19, '2022-02-03 23:52:17', '2022-02-03 23:52:17'),
(10, 'james', 'bond', '@gmail.com', '+21622125144', '1930-01-01', NULL, 20, '2022-02-03 23:52:17', '2022-02-03 23:52:17');



CREATE TABLE employees (
  id INT NOT NULL,
  firstname VARCHAR(255) DEFAULT NULL,
  lastname VARCHAR(255) DEFAULT NULL,
  email VARCHAR(255) DEFAULT '@gmail.com',
  phone VARCHAR(255) DEFAULT '+21622125144',
  birthdate DATE DEFAULT NULL,
  hiredate DATE DEFAULT NULL,
  user_images_id INT DEFAULT NULL,
  manager_id INT DEFAULT NULL,
  credential_id INT DEFAULT NULL,
  saloon_id INT DEFAULT NULL,
  created_at TIMESTAMP NOT NULL DEFAULT CURRENT_TIMESTAMP,
  updated_at TIMESTAMP NOT NULL DEFAULT CURRENT_TIMESTAMP ON UPDATE CURRENT_TIMESTAMP
);

INSERT INTO employees (id, firstname, lastname, email, phone, birthdate, hiredate, user_images_id, manager_id, credential_id, saloon_id, created_at, updated_at) VALUES
(1, 'samir', 'larbi', '@gmail.com', '+21622125144', '1980-05-06', '2019-04-02', NULL, 3, 1, 1, '2022-02-03 23:52:16', '2022-02-03 23:52:16'),
(2, 'omar', 'younsi', '@gmail.com', '+21622125144', '1990-09-10', '2020-10-22', NULL, 3, 2, 1, '2022-02-03 23:52:16', '2022-02-03 23:52:16'),
(3, 'aref', 'kanzarii', '@gmail.com', '+21622125144', '1975-08-14', '2007-09-16', NULL, NULL, 3, 1, '2022-02-03 23:52:16', '2022-02-03 23:52:16'),
(4, 'amine', 'ladjimi', '@gmail.com', '+21622125144', '1999-12-06', '2020-12-15', NULL, NULL, 4, 2, '2022-02-03 23:52:16', '2022-02-03 23:52:16'),
(5, 'aziz', 'horri', '@gmail.com', '+21622125144', '1992-02-19', '2021-12-15', NULL, 4, 5, 2, '2022-02-03 23:52:16', '2022-02-03 23:52:16'),
(6, 'selim', 'horri', '@gmail.com', '+21622125144', '1995-01-09', '2022-01-01', NULL, 5, 6, 2, '2022-02-03 23:52:16', '2022-02-03 23:52:16'),
(7, 'omar', 'derouiche', '@gmail.com', '+21622125144', '1997-05-05', '2022-01-01', NULL, 5, 7, 2, '2022-02-03 23:52:16', '2022-02-03 23:52:16'),
(8, 'lionel', 'messi', '@gmail.com', '+21622125144', '1995-02-02', '2021-06-09', NULL, 9, 8, 3, '2022-02-03 23:52:16', '2022-02-03 23:52:16'),
(9, 'jack', 'sparrow', '@gmail.com', '+21622125144', '1930-01-01', '2002-01-02', NULL, NULL, 9, 3, '2022-02-03 23:52:16', '2022-02-03 23:52:16'),
(10, 'sameh', 'derbeli', '@gmail.com', '+21622125144', '1910-02-15', '2008-10-10', NULL, NULL, 10, 4, '2022-02-03 23:52:16', '2022-02-03 23:52:16');



CREATE TABLE favourites (
  customer_id INT NOT NULL,
  saloon_id INT NOT NULL,
  favourite_date TIMESTAMP NOT NULL DEFAULT CURRENT_TIMESTAMP,
  created_at TIMESTAMP NOT NULL DEFAULT CURRENT_TIMESTAMP,
  updated_at TIMESTAMP NOT NULL DEFAULT CURRENT_TIMESTAMP ON UPDATE CURRENT_TIMESTAMP
);

INSERT INTO favourites (customer_id, saloon_id, favourite_date, created_at, updated_at) VALUES
(1, 2, '2022-02-03 23:52:23', '2022-02-03 23:52:23', '2022-02-03 23:52:23'),
(1, 5, '2022-02-03 23:52:23', '2022-02-03 23:52:23', '2022-02-03 23:52:23'),
(3, 3, '2022-02-03 23:52:23', '2022-02-03 23:52:23', '2022-02-03 23:52:23'),
(3, 4, '2022-02-03 23:52:23', '2022-02-03 23:52:23', '2022-02-03 23:52:23'),
(4, 5, '2022-02-03 23:52:23', '2022-02-03 23:52:23', '2022-02-03 23:52:23'),
(6, 2, '2022-02-03 23:52:23', '2022-02-03 23:52:23', '2022-02-03 23:52:23'),
(7, 8, '2022-02-03 23:52:23', '2022-02-03 23:52:23', '2022-02-03 23:52:23'),
(7, 10, '2022-02-03 23:52:23', '2022-02-03 23:52:23', '2022-02-03 23:52:23'),
(10, 1, '2022-02-03 23:52:23', '2022-02-03 23:52:23', '2022-02-03 23:52:23');



CREATE TABLE locations (
  id INT NOT NULL,
  zipcode VARCHAR(255) DEFAULT NULL,
  city VARCHAR(255) DEFAULT NULL,
  state VARCHAR(255) DEFAULT NULL,
  created_at TIMESTAMP NOT NULL DEFAULT CURRENT_TIMESTAMP,
  updated_at TIMESTAMP NOT NULL DEFAULT CURRENT_TIMESTAMP ON UPDATE CURRENT_TIMESTAMP
);

INSERT INTO locations (id, zipcode, city, state, created_at, updated_at) VALUES
(1, '2080', 'ariana', 'ariana', '2022-02-03 23:52:09', '2022-02-03 23:52:09'),
(2, '2080', 'cite des roses', 'ariana', '2022-02-03 23:52:09', '2022-02-03 23:52:09'),
(3, '2037', 'centre commercial ikram', 'ariana', '2022-02-03 23:52:09', '2022-02-03 23:52:09'),
(4, '2080', 'cite du jardin', 'ariana', '2022-02-03 23:52:09', '2022-02-03 23:52:09'),
(5, '2037', 'cite ennasr 1', 'ariana', '2022-02-03 23:52:09', '2022-02-03 23:52:09'),
(6, '2080', 'cite du prINTemps', 'ariana', '2022-02-03 23:52:09', '2022-02-03 23:52:09'),
(7, '2037', 'cite ennasr 2', 'ariana', '2022-02-03 23:52:09', '2022-02-03 23:52:09'),
(8, '2080', 'cite ennouzha', 'ariana', '2022-02-03 23:52:09', '2022-02-03 23:52:09'),
(9, '2037', 'el menzah 7', 'ariana', '2022-02-03 23:52:09', '2022-02-03 23:52:09'),
(10, '2080', 'cite essaada (ariana)', 'ariana', '2022-02-03 23:52:09', '2022-02-03 23:52:09'),
(11, '2037', 'el menzah 8', 'ariana', '2022-02-03 23:52:09', '2022-02-03 23:52:09'),
(12, '2080', 'cite jaafar', 'ariana', '2022-02-03 23:52:09', '2022-02-03 23:52:09'),
(13, '2037', 'residence ennour ( naser 1)', 'ariana', '2022-02-03 23:52:09', '2022-02-03 23:52:09'),
(14, '2080', 'nouvelle ariana', 'ariana', '2022-02-03 23:52:09', '2022-02-03 23:52:09'),
(15, '2037', 'residence ennour ( naser 2)', 'ariana', '2022-02-03 23:52:09', '2022-02-03 23:52:09'),
(16, '2080', 'residence ennour (ariana)', 'ariana', '2022-02-03 23:52:09', '2022-02-03 23:52:09'),
(17, '2091', 'cite belvedere 2', 'ariana', '2022-02-03 23:52:09', '2022-02-03 23:52:09'),
(18, '2091', 'cite du soleil', 'ariana', '2022-02-03 23:52:09', '2022-02-03 23:52:09'),
(19, '2091', 'cite el INTissar 1', 'ariana', '2022-02-03 23:52:09', '2022-02-03 23:52:09'),
(20, '2091', 'cite el INTissar 2', 'ariana', '2022-02-03 23:52:09', '2022-02-03 23:52:09'),
(21, '2091', 'cite jamil', 'ariana', '2022-02-03 23:52:09', '2022-02-03 23:52:09'),
(22, '2091', 'el menzah 5', 'ariana', '2022-02-03 23:52:09', '2022-02-03 23:52:09'),
(23, '2091', 'el menzah 6', 'ariana', '2022-02-03 23:52:09', '2022-02-03 23:52:09'),
(24, '2058', 'cite borj turki 1', 'ariana', '2022-02-03 23:52:09', '2022-02-03 23:52:09'),
(25, '2058', 'cite borj turki 2', 'ariana', '2022-02-03 23:52:09', '2022-02-03 23:52:09'),
(26, '2027', 'borj el baccouche', 'ariana', '2022-02-03 23:52:09', '2022-02-03 23:52:09'),
(27, '2058', 'cite de la sante', 'ariana', '2022-02-03 23:52:09', '2022-02-03 23:52:09'),
(28, '2058', 'cite essaada (riadh andalous)', 'ariana', '2022-02-03 23:52:09', '2022-02-03 23:52:09'),
(29, '2058', 'cite karim', 'ariana', '2022-02-03 23:52:09', '2022-02-03 23:52:09'),
(30, '2058', 'cite mehrzia 1', 'ariana', '2022-02-03 23:52:09', '2022-02-03 23:52:09'),
(31, '2058', 'residence el ouns', 'ariana', '2022-02-03 23:52:09', '2022-02-03 23:52:09'),
(32, '2058', 'residence ibn zeidoun', 'ariana', '2022-02-03 23:52:09', '2022-02-03 23:52:09'),
(33, '2058', 'residence ichbilia', 'ariana', '2022-02-03 23:52:09', '2022-02-03 23:52:09'),
(34, '2058', 'residence kortoba', 'ariana', '2022-02-03 23:52:09', '2022-02-03 23:52:09'),
(35, '2058', 'riadh landlous', 'ariana', '2022-02-03 23:52:09', '2022-02-03 23:52:09'),
(36, '2041', 'cite 18 janvier', 'ariana', '2022-02-03 23:52:09', '2022-02-03 23:52:09'),
(37, '2041', 'cite ben yerfes', 'ariana', '2022-02-03 23:52:09', '2022-02-03 23:52:09'),
(38, '2041', 'cite el houda', 'ariana', '2022-02-03 23:52:09', '2022-02-03 23:52:09'),
(39, '2041', 'cite ennasser', 'ariana', '2022-02-03 23:52:09', '2022-02-03 23:52:09'),
(40, '2041', 'cite ettadhamen', 'ariana', '2022-02-03 23:52:09', '2022-02-03 23:52:09'),
(41, '2041', 'cite ettayarene', 'ariana', '2022-02-03 23:52:09', '2022-02-03 23:52:09'),
(42, '2041', 'cite sfar', 'ariana', '2022-02-03 23:52:09', '2022-02-03 23:52:09'),
(43, '2041', 'cite snit 2', 'ariana', '2022-02-03 23:52:09', '2022-02-03 23:52:09'),
(44, '2041', 'cite snit nagra', 'ariana', '2022-02-03 23:52:09', '2022-02-03 23:52:09'),
(45, '2061', 'borj el hadj', 'ariana', '2022-02-03 23:52:09', '2022-02-03 23:52:09'),
(46, '2061', 'el misra', 'ariana', '2022-02-03 23:52:09', '2022-02-03 23:52:09'),
(47, '2061', 'ferme hababou', 'ariana', '2022-02-03 23:52:09', '2022-02-03 23:52:09'),
(48, '2061', 'ferme mustapha', 'ariana', '2022-02-03 23:52:09', '2022-02-03 23:52:09'),
(49, '2061', 'henchir touba', 'ariana', '2022-02-03 23:52:09', '2022-02-03 23:52:09'),
(50, '2061', 'henchir toubias', 'ariana', '2022-02-03 23:52:09', '2022-02-03 23:52:09'),
(51, '2061', 'pont de bizerte', 'ariana', '2022-02-03 23:52:09', '2022-02-03 23:52:09'),
(52, '2022', 'cite bir el araies', 'ariana', '2022-02-03 23:52:09', '2022-02-03 23:52:09'),
(53, '2022', 'cite des martyrs', 'ariana', '2022-02-03 23:52:09', '2022-02-03 23:52:09'),
(54, '2022', 'cite el fejja', 'ariana', '2022-02-03 23:52:09', '2022-02-03 23:52:09'),
(55, '2022', 'cite el mourouj', 'ariana', '2022-02-03 23:52:09', '2022-02-03 23:52:09'),
(56, '2022', 'cite el oulja', 'ariana', '2022-02-03 23:52:09', '2022-02-03 23:52:09'),
(57, '2022', 'cite essibous', 'ariana', '2022-02-03 23:52:09', '2022-02-03 23:52:09'),
(58, '2022', 'cite tarek ibn zied', 'ariana', '2022-02-03 23:52:09', '2022-02-03 23:52:09'),
(59, '2022', 'kalaat landlous', 'ariana', '2022-02-03 23:52:09', '2022-02-03 23:52:09'),
(60, '2036', 'cite fateh', 'ariana', '2022-02-03 23:52:09', '2022-02-03 23:52:09'),
(61, '2036', 'cite fonciere', 'ariana', '2022-02-03 23:52:09', '2022-02-03 23:52:09'),
(62, '2036', 'cite snit', 'ariana', '2022-02-03 23:52:09', '2022-02-03 23:52:09'),
(63, '2036', 'cite touilia', 'ariana', '2022-02-03 23:52:09', '2022-02-03 23:52:09'),
(64, '2036', 'dar fadhal', 'ariana', '2022-02-03 23:52:09', '2022-02-03 23:52:09'),
(65, '2036', 'la soukra', 'ariana', '2022-02-03 23:52:09', '2022-02-03 23:52:09'),
(66, '2036', 'mosque erraoudha', 'ariana', '2022-02-03 23:52:09', '2022-02-03 23:52:09'),
(67, '2036', 'residence 26-26', 'ariana', '2022-02-03 23:52:09', '2022-02-03 23:52:09'),
(68, '2036', 'residence ahlem', 'ariana', '2022-02-03 23:52:09', '2022-02-03 23:52:09'),
(69, '2036', 'residence meriem', 'ariana', '2022-02-03 23:52:09', '2022-02-03 23:52:09'),
(70, '2036', 'sidi frej', 'ariana', '2022-02-03 23:52:09', '2022-02-03 23:52:09'),
(71, '2036', 'sidi salah', 'ariana', '2022-02-03 23:52:09', '2022-02-03 23:52:09'),
(72, '2036', 'sidi soufiene', 'ariana', '2022-02-03 23:52:09', '2022-02-03 23:52:09'),
(73, '2036', 'village essahli', 'ariana', '2022-02-03 23:52:09', '2022-02-03 23:52:09'),
(74, '2073', 'borj louzir', 'ariana', '2022-02-03 23:52:09', '2022-02-03 23:52:09'),
(75, '2073', 'cite ben kilani', 'ariana', '2022-02-03 23:52:09', '2022-02-03 23:52:09'),
(76, '2073', 'cite de la sante', 'ariana', '2022-02-03 23:52:09', '2022-02-03 23:52:09'),
(77, '2035', 'aeroport tunis carthage', 'ariana', '2022-02-03 23:52:09', '2022-02-03 23:52:09'),
(78, '2073', 'cite el behi ladghem', 'ariana', '2022-02-03 23:52:09', '2022-02-03 23:52:09'),
(79, '2035', 'charguia 1', 'ariana', '2022-02-03 23:52:09', '2022-02-03 23:52:09'),
(80, '2073', 'cite el feth', 'ariana', '2022-02-03 23:52:09', '2022-02-03 23:52:09'),
(81, '2035', 'charguia 2', 'ariana', '2022-02-03 23:52:09', '2022-02-03 23:52:09'),
(82, '2073', 'cite el hana', 'ariana', '2022-02-03 23:52:09', '2022-02-03 23:52:09'),
(83, '2035', 'station marchandises fret', 'ariana', '2022-02-03 23:52:09', '2022-02-03 23:52:09'),
(84, '2073', 'cite el mansoura', 'ariana', '2022-02-03 23:52:09', '2022-02-03 23:52:09'),
(85, '2073', 'cite el ouroud', 'ariana', '2022-02-03 23:52:09', '2022-02-03 23:52:09'),
(86, '2036', 'chotrana 1', 'ariana', '2022-02-03 23:52:09', '2022-02-03 23:52:09'),
(87, '2073', 'cite ennacim', 'ariana', '2022-02-03 23:52:09', '2022-02-03 23:52:09'),
(88, '2036', 'chotrana 2', 'ariana', '2022-02-03 23:52:09', '2022-02-03 23:52:09'),
(89, '2073', 'cite ennouzha 3', 'ariana', '2022-02-03 23:52:09', '2022-02-03 23:52:09'),
(90, '2036', 'chotrana 3', 'ariana', '2022-02-03 23:52:09', '2022-02-03 23:52:09'),
(91, '2073', 'cite ettaamir 5', 'ariana', '2022-02-03 23:52:09', '2022-02-03 23:52:09'),
(92, '2036', 'cite astree', 'ariana', '2022-02-03 23:52:09', '2022-02-03 23:52:09'),
(93, '2073', 'cite ghouzaila', 'ariana', '2022-02-03 23:52:09', '2022-02-03 23:52:09'),
(94, '2036', 'cite belabla', 'ariana', '2022-02-03 23:52:09', '2022-02-03 23:52:09'),
(95, '2073', 'cite hedi nouira', 'ariana', '2022-02-03 23:52:09', '2022-02-03 23:52:09'),
(96, '2036', 'cite ben hessine', 'ariana', '2022-02-03 23:52:09', '2022-02-03 23:52:09'),
(97, '2073', 'cite jebira', 'ariana', '2022-02-03 23:52:09', '2022-02-03 23:52:09'),
(98, '2036', 'cite bou fares', 'ariana', '2022-02-03 23:52:09', '2022-02-03 23:52:09'),
(99, '2073', 'cite snit', 'ariana', '2022-02-03 23:52:09', '2022-02-03 23:52:09'),
(100, '2036', 'cite chouachia', 'ariana', '2022-02-03 23:52:09', '2022-02-03 23:52:09'),
(101, '2073', 'cite star', 'ariana', '2022-02-03 23:52:09', '2022-02-03 23:52:09'),
(102, '2036', 'cite chouchene', 'ariana', '2022-02-03 23:52:09', '2022-02-03 23:52:09'),
(103, '2073', 'residence el ouns', 'ariana', '2022-02-03 23:52:09', '2022-02-03 23:52:09'),
(104, '2036', 'cite de l\'aeroport', 'ariana', '2022-02-03 23:52:09', '2022-02-03 23:52:09'),
(105, '2073', 'residence ennesrine', 'ariana', '2022-02-03 23:52:09', '2022-02-03 23:52:09'),
(106, '2036', 'cite de la terre libre', 'ariana', '2022-02-03 23:52:09', '2022-02-03 23:52:09'),
(107, '2036', 'cite des juges', 'ariana', '2022-02-03 23:52:09', '2022-02-03 23:52:09'),
(108, '2036', 'cite el azzef', 'ariana', '2022-02-03 23:52:09', '2022-02-03 23:52:09'),
(109, '2036', 'cite el boustene 1', 'ariana', '2022-02-03 23:52:09', '2022-02-03 23:52:09'),
(110, '2036', 'cite el boustene 2', 'ariana', '2022-02-03 23:52:09', '2022-02-03 23:52:09'),
(111, '2036', 'cite el henaya', 'ariana', '2022-02-03 23:52:09', '2022-02-03 23:52:09'),
(112, '2036', 'cite el maid', 'ariana', '2022-02-03 23:52:09', '2022-02-03 23:52:09'),
(113, '2036', 'cite elyes', 'ariana', '2022-02-03 23:52:09', '2022-02-03 23:52:09'),
(114, '2036', 'cite ettaamir', 'ariana', '2022-02-03 23:52:09', '2022-02-03 23:52:09'),
(115, '2036', 'cite ezzitoun 1', 'ariana', '2022-02-03 23:52:09', '2022-02-03 23:52:09'),
(116, '2036', 'cite ezzitoun 2', 'ariana', '2022-02-03 23:52:09', '2022-02-03 23:52:09'),
(117, '2036', 'cite ezzouaidia', 'ariana', '2022-02-03 23:52:09', '2022-02-03 23:52:09'),
(118, '2036', 'cite farhat', 'ariana', '2022-02-03 23:52:09', '2022-02-03 23:52:09'),
(119, '2094', 'cite ali bourguiba', 'ariana', '2022-02-03 23:52:09', '2022-02-03 23:52:09'),
(120, '2094', 'cite de la republique', 'ariana', '2022-02-03 23:52:09', '2022-02-03 23:52:09'),
(121, '2094', 'cite el bassatine1', 'ariana', '2022-02-03 23:52:09', '2022-02-03 23:52:09'),
(122, '2094', 'cite el bassatine2', 'ariana', '2022-02-03 23:52:09', '2022-02-03 23:52:09'),
(123, '2094', 'cite el bassatine3', 'ariana', '2022-02-03 23:52:09', '2022-02-03 23:52:09'),
(124, '2094', 'cite el gouabsia', 'ariana', '2022-02-03 23:52:09', '2022-02-03 23:52:09'),
(125, '2094', 'cite el ouard', 'ariana', '2022-02-03 23:52:09', '2022-02-03 23:52:09'),
(126, '2094', 'cite ennasr', 'ariana', '2022-02-03 23:52:09', '2022-02-03 23:52:09'),
(127, '2094', 'cite essaada', 'ariana', '2022-02-03 23:52:09', '2022-02-03 23:52:09'),
(128, '2094', 'cite rafaha', 'ariana', '2022-02-03 23:52:09', '2022-02-03 23:52:09'),
(129, '2094', 'cite rous el harayek', 'ariana', '2022-02-03 23:52:09', '2022-02-03 23:52:09'),
(130, '2094', 'essanhaji', 'ariana', '2022-02-03 23:52:09', '2022-02-03 23:52:09'),
(131, '2094', 'mnihla', 'ariana', '2022-02-03 23:52:09', '2022-02-03 23:52:09'),
(132, '2094', 'residence ennasr', 'ariana', '2022-02-03 23:52:09', '2022-02-03 23:52:09'),
(133, '2081', 'cite el mouaouiet', 'ariana', '2022-02-03 23:52:09', '2022-02-03 23:52:09'),
(134, '2081', 'cite el mountazeh', 'ariana', '2022-02-03 23:52:09', '2022-02-03 23:52:09'),
(135, '2081', 'cite ennour jaafar', 'ariana', '2022-02-03 23:52:09', '2022-02-03 23:52:09'),
(136, '2088', 'complexe technologique', 'ariana', '2022-02-03 23:52:09', '2022-02-03 23:52:09'),
(137, '2081', 'cite erriadh', 'ariana', '2022-02-03 23:52:09', '2022-02-03 23:52:09'),
(138, '2081', 'cite essaada', 'ariana', '2022-02-03 23:52:09', '2022-02-03 23:52:09'),
(139, '2081', 'cite sidi slimene', 'ariana', '2022-02-03 23:52:09', '2022-02-03 23:52:09'),
(140, '2081', 'cite snit', 'ariana', '2022-02-03 23:52:09', '2022-02-03 23:52:09'),
(141, '2081', 'douar el hendi', 'ariana', '2022-02-03 23:52:09', '2022-02-03 23:52:09'),
(142, '2081', 'el hessiene', 'ariana', '2022-02-03 23:52:09', '2022-02-03 23:52:09'),
(143, '2081', 'oued el khayat', 'ariana', '2022-02-03 23:52:09', '2022-02-03 23:52:09'),
(144, '2081', 'oued el makhzen', 'ariana', '2022-02-03 23:52:09', '2022-02-03 23:52:09'),
(145, '2081', 'residence el ayech', 'ariana', '2022-02-03 23:52:09', '2022-02-03 23:52:09'),
(146, '2081', 'residence el ouns', 'ariana', '2022-02-03 23:52:09', '2022-02-03 23:52:09'),
(147, '2081', 'residence ennarjes', 'ariana', '2022-02-03 23:52:09', '2022-02-03 23:52:09'),
(148, '2081', 'residence essalem', 'ariana', '2022-02-03 23:52:09', '2022-02-03 23:52:09'),
(149, '2081', 'residence rim', 'ariana', '2022-02-03 23:52:09', '2022-02-03 23:52:09'),
(150, '2081', 'route ezzaouia', 'ariana', '2022-02-03 23:52:09', '2022-02-03 23:52:09'),
(151, '2081', 'ariana essoughra', 'ariana', '2022-02-03 23:52:09', '2022-02-03 23:52:09'),
(152, '2081', 'borj touil', 'ariana', '2022-02-03 23:52:09', '2022-02-03 23:52:09'),
(153, '2081', 'cite chaker', 'ariana', '2022-02-03 23:52:09', '2022-02-03 23:52:09'),
(154, '2081', 'bou hnech', 'ariana', '2022-02-03 23:52:09', '2022-02-03 23:52:09'),
(155, '2081', 'cite de la mosque', 'ariana', '2022-02-03 23:52:09', '2022-02-03 23:52:09'),
(156, '2056', 'cite 7 novembre', 'ariana', '2022-02-03 23:52:09', '2022-02-03 23:52:09'),
(157, '2056', 'cite aeroport', 'ariana', '2022-02-03 23:52:09', '2022-02-03 23:52:09'),
(158, '2056', 'cite chargui', 'ariana', '2022-02-03 23:52:09', '2022-02-03 23:52:09'),
(159, '2056', 'cite des juges', 'ariana', '2022-02-03 23:52:09', '2022-02-03 23:52:09'),
(160, '2056', 'cite el yamama', 'ariana', '2022-02-03 23:52:09', '2022-02-03 23:52:09'),
(161, '2056', 'cite sidi salah', 'ariana', '2022-02-03 23:52:09', '2022-02-03 23:52:09'),
(162, '2056', 'cite zghab', 'ariana', '2022-02-03 23:52:09', '2022-02-03 23:52:09'),
(163, '2056', 'el brarja', 'ariana', '2022-02-03 23:52:09', '2022-02-03 23:52:09'),
(164, '2056', 'raoued', 'ariana', '2022-02-03 23:52:09', '2022-02-03 23:52:09'),
(165, '2083', 'cite de la rtt 2', 'ariana', '2022-02-03 23:52:09', '2022-02-03 23:52:09'),
(166, '2083', 'cite el abadla', 'ariana', '2022-02-03 23:52:09', '2022-02-03 23:52:09'),
(167, '2083', 'cite el amel', 'ariana', '2022-02-03 23:52:09', '2022-02-03 23:52:09'),
(168, '2083', 'cite el ghazala 1', 'ariana', '2022-02-03 23:52:09', '2022-02-03 23:52:09'),
(169, '2083', 'cite el ghazala 2', 'ariana', '2022-02-03 23:52:09', '2022-02-03 23:52:09'),
(170, '2083', 'cite el wafa', 'ariana', '2022-02-03 23:52:09', '2022-02-03 23:52:09'),
(171, '2083', 'cite ennasr', 'ariana', '2022-02-03 23:52:09', '2022-02-03 23:52:09'),
(172, '2083', 'cite ennkhilet', 'ariana', '2022-02-03 23:52:09', '2022-02-03 23:52:09'),
(173, '2083', 'cite essahafa', 'ariana', '2022-02-03 23:52:09', '2022-02-03 23:52:09'),
(174, '2083', 'cite ibn rachik', 'ariana', '2022-02-03 23:52:09', '2022-02-03 23:52:09'),
(175, '2083', 'cite mehrzia 2', 'ariana', '2022-02-03 23:52:09', '2022-02-03 23:52:09'),
(176, '2083', 'jaafar 1', 'ariana', '2022-02-03 23:52:09', '2022-02-03 23:52:09'),
(177, '2083', 'jaafar 2', 'ariana', '2022-02-03 23:52:09', '2022-02-03 23:52:09'),
(178, '2032', 'cite dridi', 'ariana', '2022-02-03 23:52:09', '2022-02-03 23:52:09'),
(179, '2032', 'cite el bokri', 'ariana', '2022-02-03 23:52:09', '2022-02-03 23:52:09'),
(180, '2032', 'cite el frachich', 'ariana', '2022-02-03 23:52:09', '2022-02-03 23:52:09'),
(181, '2032', 'cite el ghribi', 'ariana', '2022-02-03 23:52:09', '2022-02-03 23:52:09'),
(182, '2032', 'cite el methalithe', 'ariana', '2022-02-03 23:52:09', '2022-02-03 23:52:09'),
(183, '2032', 'cite messouda', 'ariana', '2022-02-03 23:52:09', '2022-02-03 23:52:09'),
(184, '2032', 'cite ouvriere', 'ariana', '2022-02-03 23:52:09', '2022-02-03 23:52:09'),
(185, '2032', 'cite sidi marouane', 'ariana', '2022-02-03 23:52:09', '2022-02-03 23:52:09'),
(186, '2032', 'ezzaouia', 'ariana', '2022-02-03 23:52:09', '2022-02-03 23:52:09'),
(187, '2020', 'bejaoua 2', 'ariana', '2022-02-03 23:52:09', '2022-02-03 23:52:09'),
(188, '2032', 'jabbes', 'ariana', '2022-02-03 23:52:09', '2022-02-03 23:52:09'),
(189, '2020', 'cite 18 janvier', 'ariana', '2022-02-03 23:52:09', '2022-02-03 23:52:09'),
(190, '2032', 'jabbes el borj', 'ariana', '2022-02-03 23:52:09', '2022-02-03 23:52:09'),
(191, '2020', 'cite afh', 'ariana', '2022-02-03 23:52:09', '2022-02-03 23:52:09'),
(192, '2020', 'cite des agriculteurs', 'ariana', '2022-02-03 23:52:09', '2022-02-03 23:52:09'),
(193, '2020', 'cite des oranges', 'ariana', '2022-02-03 23:52:09', '2022-02-03 23:52:09'),
(194, '2020', 'cite el gouazine', 'ariana', '2022-02-03 23:52:09', '2022-02-03 23:52:09'),
(195, '2020', 'cite el mbarka', 'ariana', '2022-02-03 23:52:09', '2022-02-03 23:52:09'),
(196, '2020', 'cite el mrezgua', 'ariana', '2022-02-03 23:52:09', '2022-02-03 23:52:09'),
(197, '2020', 'cite essaada', 'ariana', '2022-02-03 23:52:09', '2022-02-03 23:52:09'),
(198, '2020', 'cite ettbaieb', 'ariana', '2022-02-03 23:52:09', '2022-02-03 23:52:09'),
(199, '2020', 'cite jardins', 'ariana', '2022-02-03 23:52:09', '2022-02-03 23:52:09'),
(200, '2020', 'cite mongi slim', 'ariana', '2022-02-03 23:52:09', '2022-02-03 23:52:09'),
(201, '2020', 'sidi thabet', 'ariana', '2022-02-03 23:52:09', '2022-02-03 23:52:09'),
(202, '2057', 'chorfech', 'ariana', '2022-02-03 23:52:09', '2022-02-03 23:52:09'),
(203, '2057', 'chorfech 2', 'ariana', '2022-02-03 23:52:09', '2022-02-03 23:52:09'),
(204, '2057', 'chorfech 24', 'ariana', '2022-02-03 23:52:09', '2022-02-03 23:52:09'),
(205, '2057', 'chorfech 8', 'ariana', '2022-02-03 23:52:09', '2022-02-03 23:52:09'),
(206, '2032', 'borj el khoukha', 'ariana', '2022-02-03 23:52:09', '2022-02-03 23:52:09'),
(207, '2032', 'borj youssef', 'ariana', '2022-02-03 23:52:09', '2022-02-03 23:52:09'),
(208, '2032', 'cebalet ben ammar', 'ariana', '2022-02-03 23:52:09', '2022-02-03 23:52:09'),
(209, '2032', 'chorfech 12', 'ariana', '2022-02-03 23:52:09', '2022-02-03 23:52:09'),
(210, '9030', 'ain el goussa', 'beja', '2022-02-03 23:52:09', '2022-02-03 23:52:09'),
(211, '9030', 'ain ghenem', 'beja', '2022-02-03 23:52:09', '2022-02-03 23:52:09'),
(212, '9030', 'beni melek', 'beja', '2022-02-03 23:52:09', '2022-02-03 23:52:09'),
(213, '9030', 'bouris', 'beja', '2022-02-03 23:52:09', '2022-02-03 23:52:09'),
(214, '9030', 'cite de la poste', 'beja', '2022-02-03 23:52:09', '2022-02-03 23:52:09'),
(215, '9030', 'cite erraoudha', 'beja', '2022-02-03 23:52:09', '2022-02-03 23:52:09'),
(216, '9030', 'cite hached', 'beja', '2022-02-03 23:52:09', '2022-02-03 23:52:09'),
(217, '9030', 'cite taieb mhiri', 'beja', '2022-02-03 23:52:09', '2022-02-03 23:52:09'),
(218, '9030', 'eddghabjia', 'beja', '2022-02-03 23:52:09', '2022-02-03 23:52:09'),
(219, '9030', 'edhhirat', 'beja', '2022-02-03 23:52:09', '2022-02-03 23:52:09'),
(220, '9030', 'el fraijia', 'beja', '2022-02-03 23:52:09', '2022-02-03 23:52:09'),
(221, '9030', 'el ghorfa', 'beja', '2022-02-03 23:52:09', '2022-02-03 23:52:09'),
(222, '9030', 'el graia', 'beja', '2022-02-03 23:52:09', '2022-02-03 23:52:09'),
(223, '9030', 'el hlikat', 'beja', '2022-02-03 23:52:09', '2022-02-03 23:52:09'),
(224, '9030', 'el jouza', 'beja', '2022-02-03 23:52:09', '2022-02-03 23:52:09'),
(225, '9030', 'el mjales', 'beja', '2022-02-03 23:52:09', '2022-02-03 23:52:09'),
(226, '9030', 'gaat el mouhdi', 'beja', '2022-02-03 23:52:09', '2022-02-03 23:52:09'),
(227, '9030', 'ghouzia', 'beja', '2022-02-03 23:52:09', '2022-02-03 23:52:09'),
(228, '9030', 'maghraoua', 'beja', '2022-02-03 23:52:09', '2022-02-03 23:52:09'),
(229, '9030', 'menzel hammed', 'beja', '2022-02-03 23:52:09', '2022-02-03 23:52:09'),
(230, '9030', 'remadhnia', 'beja', '2022-02-03 23:52:09', '2022-02-03 23:52:09'),
(231, '9084', 'el ayayda', 'beja', '2022-02-03 23:52:09', '2022-02-03 23:52:09'),
(232, '9030', 'sidi mbarek', 'beja', '2022-02-03 23:52:09', '2022-02-03 23:52:09'),
(233, '9084', 'el homr', 'beja', '2022-02-03 23:52:09', '2022-02-03 23:52:09'),
(234, '9030', 'sidi saadoun', 'beja', '2022-02-03 23:52:09', '2022-02-03 23:52:09'),
(235, '9084', 'menzel el gourchi', 'beja', '2022-02-03 23:52:09', '2022-02-03 23:52:09'),
(236, '9030', 'sobah', 'beja', '2022-02-03 23:52:09', '2022-02-03 23:52:09'),
(237, '9030', 'zahret mediene', 'beja', '2022-02-03 23:52:09', '2022-02-03 23:52:09'),
(238, '9030', 'adailia', 'beja', '2022-02-03 23:52:09', '2022-02-03 23:52:09'),
(239, '9000', 'cite el habibia', 'beja', '2022-02-03 23:52:09', '2022-02-03 23:52:09'),
(240, '9000', 'cite el haouari', 'beja', '2022-02-03 23:52:09', '2022-02-03 23:52:09'),
(241, '9000', 'cite el khadhra', 'beja', '2022-02-03 23:52:09', '2022-02-03 23:52:09'),
(242, '9000', 'cite el khadhra superieur', 'beja', '2022-02-03 23:52:09', '2022-02-03 23:52:09'),
(243, '9000', 'cite el manar 1', 'beja', '2022-02-03 23:52:09', '2022-02-03 23:52:09'),
(244, '9000', 'cite el manar 2', 'beja', '2022-02-03 23:52:09', '2022-02-03 23:52:09'),
(245, '9000', 'cite el manar 3', 'beja', '2022-02-03 23:52:09', '2022-02-03 23:52:09'),
(246, '9000', 'cite el manar 4', 'beja', '2022-02-03 23:52:09', '2022-02-03 23:52:09'),
(247, '9000', 'cite el manar 5', 'beja', '2022-02-03 23:52:09', '2022-02-03 23:52:09'),
(248, '9000', 'cite el mekmda', 'beja', '2022-02-03 23:52:09', '2022-02-03 23:52:09'),
(249, '9000', 'cite el mhella', 'beja', '2022-02-03 23:52:09', '2022-02-03 23:52:09'),
(250, '9000', 'cite el moustakbel', 'beja', '2022-02-03 23:52:09', '2022-02-03 23:52:09'),
(251, '9000', 'cite el mzara', 'beja', '2022-02-03 23:52:09', '2022-02-03 23:52:09'),
(252, '9000', 'cite el olfa', 'beja', '2022-02-03 23:52:09', '2022-02-03 23:52:09'),
(253, '9000', 'cite ennouzha', 'beja', '2022-02-03 23:52:09', '2022-02-03 23:52:09'),
(254, '9000', 'cite erriadh 2', 'beja', '2022-02-03 23:52:09', '2022-02-03 23:52:09'),
(255, '9000', 'cite erriadhi 1', 'beja', '2022-02-03 23:52:09', '2022-02-03 23:52:09'),
(256, '9000', 'cite essalama', 'beja', '2022-02-03 23:52:09', '2022-02-03 23:52:09'),
(257, '9000', 'cite essalem', 'beja', '2022-02-03 23:52:09', '2022-02-03 23:52:09'),
(258, '9000', 'cite essanaouber', 'beja', '2022-02-03 23:52:09', '2022-02-03 23:52:09'),
(259, '9000', 'cite ezzouhour', 'beja', '2022-02-03 23:52:09', '2022-02-03 23:52:09'),
(260, '9000', 'cite garde nationale', 'beja', '2022-02-03 23:52:09', '2022-02-03 23:52:09'),
(261, '9000', 'cite ibn khaldoun', 'beja', '2022-02-03 23:52:09', '2022-02-03 23:52:09'),
(262, '9000', 'cite jardins', 'beja', '2022-02-03 23:52:09', '2022-02-03 23:52:09'),
(263, '9000', 'cite jebel el akhdhar', 'beja', '2022-02-03 23:52:09', '2022-02-03 23:52:09'),
(264, '9000', 'cite ksar bardo', 'beja', '2022-02-03 23:52:09', '2022-02-03 23:52:09'),
(265, '9031', 'el mzara', 'beja', '2022-02-03 23:52:09', '2022-02-03 23:52:09'),
(266, '9000', 'cite pont trageon', 'beja', '2022-02-03 23:52:09', '2022-02-03 23:52:09'),
(267, '9000', 'cite s.r.transport', 'beja', '2022-02-03 23:52:09', '2022-02-03 23:52:09'),
(268, '9000', 'cite salah el maghraoui', 'beja', '2022-02-03 23:52:09', '2022-02-03 23:52:09'),
(269, '9000', 'cite salambo', 'beja', '2022-02-03 23:52:09', '2022-02-03 23:52:09'),
(270, '9000', 'cite sidi frej', 'beja', '2022-02-03 23:52:09', '2022-02-03 23:52:09'),
(271, '9000', 'cite snit', 'beja', '2022-02-03 23:52:09', '2022-02-03 23:52:09'),
(272, '9000', 'cite taieb mhiri', 'beja', '2022-02-03 23:52:09', '2022-02-03 23:52:09'),
(273, '9000', 'cite usine du sucre1', 'beja', '2022-02-03 23:52:09', '2022-02-03 23:52:09'),
(274, '9000', 'ain ksar hadid', 'beja', '2022-02-03 23:52:09', '2022-02-03 23:52:09'),
(275, '9000', 'cite usine du sucre2', 'beja', '2022-02-03 23:52:09', '2022-02-03 23:52:09'),
(276, '9000', 'beja', 'beja', '2022-02-03 23:52:09', '2022-02-03 23:52:09'),
(277, '9000', 'el hamrounia', 'beja', '2022-02-03 23:52:09', '2022-02-03 23:52:09'),
(278, '9000', 'bou keslane', 'beja', '2022-02-03 23:52:09', '2022-02-03 23:52:09'),
(279, '9000', 'el mounchar', 'beja', '2022-02-03 23:52:09', '2022-02-03 23:52:09'),
(280, '9000', 'charchara', 'beja', '2022-02-03 23:52:09', '2022-02-03 23:52:09'),
(281, '9000', 'el yousri', 'beja', '2022-02-03 23:52:09', '2022-02-03 23:52:09'),
(282, '9000', 'cite afh', 'beja', '2022-02-03 23:52:09', '2022-02-03 23:52:09'),
(283, '9000', 'fatnassa', 'beja', '2022-02-03 23:52:09', '2022-02-03 23:52:09'),
(284, '9000', 'cite ain bazaz', 'beja', '2022-02-03 23:52:09', '2022-02-03 23:52:09'),
(285, '9000', 'hajar amor', 'beja', '2022-02-03 23:52:09', '2022-02-03 23:52:09'),
(286, '9000', 'cite ain chemes', 'beja', '2022-02-03 23:52:09', '2022-02-03 23:52:09'),
(287, '9000', 'kasseb', 'beja', '2022-02-03 23:52:09', '2022-02-03 23:52:09'),
(288, '9000', 'cite ain el ghoula', 'beja', '2022-02-03 23:52:09', '2022-02-03 23:52:09'),
(289, '9000', 'lafarke', 'beja', '2022-02-03 23:52:09', '2022-02-03 23:52:09'),
(290, '9000', 'cite beja el jadida', 'beja', '2022-02-03 23:52:09', '2022-02-03 23:52:09'),
(291, '9000', 'nagachia', 'beja', '2022-02-03 23:52:09', '2022-02-03 23:52:09'),
(292, '9000', 'cite belle vue', 'beja', '2022-02-03 23:52:09', '2022-02-03 23:52:09'),
(293, '9000', 'tarhouni', 'beja', '2022-02-03 23:52:09', '2022-02-03 23:52:09'),
(294, '9000', 'cite bir hofra', 'beja', '2022-02-03 23:52:09', '2022-02-03 23:52:09'),
(295, '9000', 'cite boutraa', 'beja', '2022-02-03 23:52:09', '2022-02-03 23:52:09'),
(296, '9000', 'cite cnrps', 'beja', '2022-02-03 23:52:09', '2022-02-03 23:52:09'),
(297, '9000', 'cite de la police', 'beja', '2022-02-03 23:52:09', '2022-02-03 23:52:09'),
(298, '9000', 'cite de la sante 1', 'beja', '2022-02-03 23:52:09', '2022-02-03 23:52:09'),
(299, '9000', 'cite de la sante 2', 'beja', '2022-02-03 23:52:09', '2022-02-03 23:52:09'),
(300, '9000', 'cite des mimosas', 'beja', '2022-02-03 23:52:09', '2022-02-03 23:52:09'),
(301, '9000', 'cite des proffesseurs', 'beja', '2022-02-03 23:52:09', '2022-02-03 23:52:09'),
(302, '9000', 'cite des roses', 'beja', '2022-02-03 23:52:09', '2022-02-03 23:52:09'),
(303, '9000', 'cite dhamene', 'beja', '2022-02-03 23:52:09', '2022-02-03 23:52:09'),
(304, '9000', 'cite du gouvernorat', 'beja', '2022-02-03 23:52:09', '2022-02-03 23:52:09'),
(305, '9000', 'cite echifa', 'beja', '2022-02-03 23:52:09', '2022-02-03 23:52:09'),
(306, '9000', 'cite economie du nord', 'beja', '2022-02-03 23:52:09', '2022-02-03 23:52:09'),
(307, '9000', 'cite edhahbia 1', 'beja', '2022-02-03 23:52:09', '2022-02-03 23:52:09'),
(308, '9000', 'cite edhahbia 2', 'beja', '2022-02-03 23:52:09', '2022-02-03 23:52:09'),
(309, '9000', 'cite el baraka', 'beja', '2022-02-03 23:52:09', '2022-02-03 23:52:09'),
(310, '9000', 'cite el biadha', 'beja', '2022-02-03 23:52:09', '2022-02-03 23:52:09'),
(311, '9000', 'cite el boukhari', 'beja', '2022-02-03 23:52:09', '2022-02-03 23:52:09'),
(312, '9000', 'cite el boustene', 'beja', '2022-02-03 23:52:09', '2022-02-03 23:52:09'),
(313, '9000', 'cite el habib', 'beja', '2022-02-03 23:52:09', '2022-02-03 23:52:09'),
(314, '9052', 'hammam sayala', 'beja', '2022-02-03 23:52:09', '2022-02-03 23:52:09'),
(315, '9021', 'mastouta', 'beja', '2022-02-03 23:52:09', '2022-02-03 23:52:09'),
(316, '9021', 'mastouta gare', 'beja', '2022-02-03 23:52:09', '2022-02-03 23:52:09'),
(317, '9021', 'sidi smail', 'beja', '2022-02-03 23:52:09', '2022-02-03 23:52:09'),
(318, '9023', 'cite el amel', 'beja', '2022-02-03 23:52:09', '2022-02-03 23:52:09'),
(319, '9023', 'el maagoula', 'beja', '2022-02-03 23:52:09', '2022-02-03 23:52:09'),
(320, '9029', 'sidi frej', 'beja', '2022-02-03 23:52:09', '2022-02-03 23:52:09'),
(321, '9080', 'briouig', 'beja', '2022-02-03 23:52:09', '2022-02-03 23:52:09'),
(322, '9080', 'cheik el ouediane el guebli', 'beja', '2022-02-03 23:52:09', '2022-02-03 23:52:09'),
(323, '9080', 'cite des fonctionnaires', 'beja', '2022-02-03 23:52:09', '2022-02-03 23:52:09'),
(324, '9080', 'cite el hana', 'beja', '2022-02-03 23:52:09', '2022-02-03 23:52:09'),
(325, '9080', 'cite el izdihar', 'beja', '2022-02-03 23:52:09', '2022-02-03 23:52:09'),
(326, '9080', 'cite el kamh', 'beja', '2022-02-03 23:52:09', '2022-02-03 23:52:09'),
(327, '9080', 'cite essaada', 'beja', '2022-02-03 23:52:09', '2022-02-03 23:52:09'),
(328, '9080', 'cite essanabel', 'beja', '2022-02-03 23:52:09', '2022-02-03 23:52:09'),
(329, '9080', 'cite ezzouhour', 'beja', '2022-02-03 23:52:09', '2022-02-03 23:52:09'),
(330, '9080', 'cite populaire', 'beja', '2022-02-03 23:52:09', '2022-02-03 23:52:09'),
(331, '9080', 'dour ismail', 'beja', '2022-02-03 23:52:09', '2022-02-03 23:52:09'),
(332, '9080', 'el fedhailia', 'beja', '2022-02-03 23:52:09', '2022-02-03 23:52:09'),
(333, '9080', 'el gammarti', 'beja', '2022-02-03 23:52:09', '2022-02-03 23:52:09'),
(334, '9080', 'el ogla', 'beja', '2022-02-03 23:52:09', '2022-02-03 23:52:09'),
(335, '9080', 'ettraifa', 'beja', '2022-02-03 23:52:09', '2022-02-03 23:52:09'),
(336, '9080', 'goubellat', 'beja', '2022-02-03 23:52:09', '2022-02-03 23:52:09'),
(337, '9080', 'khacheb', 'beja', '2022-02-03 23:52:09', '2022-02-03 23:52:09'),
(338, '9080', 'khenguet eddihenne', 'beja', '2022-02-03 23:52:09', '2022-02-03 23:52:09'),
(339, '9080', 'tella', 'beja', '2022-02-03 23:52:09', '2022-02-03 23:52:09'),
(340, '9080', 'zone industrielle', 'beja', '2022-02-03 23:52:09', '2022-02-03 23:52:09'),
(341, '9083', 'grame', 'beja', '2022-02-03 23:52:09', '2022-02-03 23:52:09'),
(342, '9080', 'bir el euch', 'beja', '2022-02-03 23:52:09', '2022-02-03 23:52:09'),
(343, '9044', 'sidi nasser', 'beja', '2022-02-03 23:52:09', '2022-02-03 23:52:09'),
(344, '9013', 'cite de la poste', 'beja', '2022-02-03 23:52:09', '2022-02-03 23:52:09'),
(345, '9013', 'cite education', 'beja', '2022-02-03 23:52:09', '2022-02-03 23:52:09'),
(346, '9013', 'cite enfance', 'beja', '2022-02-03 23:52:09', '2022-02-03 23:52:09'),
(347, '9013', 'louatia', 'beja', '2022-02-03 23:52:09', '2022-02-03 23:52:09'),
(348, '9013', 'oued ezzitoun', 'beja', '2022-02-03 23:52:09', '2022-02-03 23:52:09'),
(349, '9013', 'oued zarga', 'beja', '2022-02-03 23:52:09', '2022-02-03 23:52:09'),
(350, '9034', 'sidi mediene', 'beja', '2022-02-03 23:52:09', '2022-02-03 23:52:09'),
(351, '9070', 'argoub ezzaatar', 'beja', '2022-02-03 23:52:09', '2022-02-03 23:52:09'),
(352, '9070', 'cite baccar', 'beja', '2022-02-03 23:52:09', '2022-02-03 23:52:09'),
(353, '9070', 'cite de la sante', 'beja', '2022-02-03 23:52:09', '2022-02-03 23:52:09'),
(354, '9070', 'cite des proffesseurs', 'beja', '2022-02-03 23:52:09', '2022-02-03 23:52:09'),
(355, '9070', 'cite dhamene', 'beja', '2022-02-03 23:52:09', '2022-02-03 23:52:09'),
(356, '9070', 'cite du gouvernorat', 'beja', '2022-02-03 23:52:09', '2022-02-03 23:52:09'),
(357, '9070', 'cite el azima 1', 'beja', '2022-02-03 23:52:09', '2022-02-03 23:52:09'),
(358, '9070', 'cite el azima 2', 'beja', '2022-02-03 23:52:09', '2022-02-03 23:52:09'),
(359, '9070', 'cite el azima 3', 'beja', '2022-02-03 23:52:09', '2022-02-03 23:52:09'),
(360, '9070', 'cite el bahrine', 'beja', '2022-02-03 23:52:09', '2022-02-03 23:52:09'),
(361, '9070', 'cite el behi', 'beja', '2022-02-03 23:52:09', '2022-02-03 23:52:09'),
(362, '9070', 'cite el fateh', 'beja', '2022-02-03 23:52:09', '2022-02-03 23:52:09'),
(363, '9070', 'cite el ferdaous 1', 'beja', '2022-02-03 23:52:09', '2022-02-03 23:52:09'),
(364, '9070', 'cite el hana', 'beja', '2022-02-03 23:52:09', '2022-02-03 23:52:09'),
(365, '9015', 'el ksar', 'beja', '2022-02-03 23:52:09', '2022-02-03 23:52:09'),
(366, '9070', 'cite el manar', 'beja', '2022-02-03 23:52:09', '2022-02-03 23:52:09'),
(367, '9070', 'cite el menchari', 'beja', '2022-02-03 23:52:09', '2022-02-03 23:52:09'),
(368, '9070', 'cite erriadh', 'beja', '2022-02-03 23:52:09', '2022-02-03 23:52:09'),
(369, '9070', 'cite essedk', 'beja', '2022-02-03 23:52:09', '2022-02-03 23:52:09'),
(370, '9070', 'cite ettadhamen', 'beja', '2022-02-03 23:52:09', '2022-02-03 23:52:09'),
(371, '9070', 'cite ezzouhour', 'beja', '2022-02-03 23:52:09', '2022-02-03 23:52:09'),
(372, '9070', 'cite jallazia', 'beja', '2022-02-03 23:52:09', '2022-02-03 23:52:09'),
(373, '9070', 'cite majerda', 'beja', '2022-02-03 23:52:09', '2022-02-03 23:52:09'),
(374, '9070', 'gueriche el oued', 'beja', '2022-02-03 23:52:09', '2022-02-03 23:52:09'),
(375, '9070', 'hidous', 'beja', '2022-02-03 23:52:09', '2022-02-03 23:52:09'),
(376, '9070', 'iden', 'beja', '2022-02-03 23:52:09', '2022-02-03 23:52:09'),
(377, '9070', 'mejez el bab', 'beja', '2022-02-03 23:52:09', '2022-02-03 23:52:09'),
(378, '9070', 'sidi ahmed jedidi', 'beja', '2022-02-03 23:52:09', '2022-02-03 23:52:09'),
(379, '9071', 'cite 02 mars', 'beja', '2022-02-03 23:52:09', '2022-02-03 23:52:09'),
(380, '9071', 'el griaat', 'beja', '2022-02-03 23:52:09', '2022-02-03 23:52:09'),
(381, '9072', 'chaouech', 'beja', '2022-02-03 23:52:09', '2022-02-03 23:52:09'),
(382, '9024', 'toukabeur', 'beja', '2022-02-03 23:52:09', '2022-02-03 23:52:09'),
(383, '9075', 'el herri', 'beja', '2022-02-03 23:52:09', '2022-02-03 23:52:09'),
(384, '9010', 'jemil', 'beja', '2022-02-03 23:52:09', '2022-02-03 23:52:09'),
(385, '9010', 'nefza', 'beja', '2022-02-03 23:52:09', '2022-02-03 23:52:09'),
(386, '9010', 'oued bouzenna', 'beja', '2022-02-03 23:52:09', '2022-02-03 23:52:09'),
(387, '9010', 'oued damous', 'beja', '2022-02-03 23:52:09', '2022-02-03 23:52:09'),
(388, '9010', 'ouled houimel', 'beja', '2022-02-03 23:52:09', '2022-02-03 23:52:09'),
(389, '9010', 'ouled kacem', 'beja', '2022-02-03 23:52:09', '2022-02-03 23:52:09'),
(390, '9010', 'oum laabid', 'beja', '2022-02-03 23:52:09', '2022-02-03 23:52:09'),
(391, '9011', 'tababa', 'beja', '2022-02-03 23:52:09', '2022-02-03 23:52:09'),
(392, '9012', 'ain zakkar', 'beja', '2022-02-03 23:52:09', '2022-02-03 23:52:09'),
(393, '9012', 'bou garnouna', 'beja', '2022-02-03 23:52:09', '2022-02-03 23:52:09'),
(394, '9012', 'el hemaidia', 'beja', '2022-02-03 23:52:09', '2022-02-03 23:52:09'),
(395, '9012', 'el mecherga', 'beja', '2022-02-03 23:52:09', '2022-02-03 23:52:09'),
(396, '9012', 'el oulija', 'beja', '2022-02-03 23:52:09', '2022-02-03 23:52:09'),
(397, '9012', 'ettaref', 'beja', '2022-02-03 23:52:09', '2022-02-03 23:52:09'),
(398, '9012', 'ezzouaraa', 'beja', '2022-02-03 23:52:09', '2022-02-03 23:52:09'),
(399, '9012', 'ouechtata', 'beja', '2022-02-03 23:52:09', '2022-02-03 23:52:09'),
(400, '9012', 'ouled salem', 'beja', '2022-02-03 23:52:09', '2022-02-03 23:52:09'),
(401, '9012', 'zaga', 'beja', '2022-02-03 23:52:09', '2022-02-03 23:52:09'),
(402, '9010', 'beni said', 'beja', '2022-02-03 23:52:09', '2022-02-03 23:52:09'),
(403, '9010', 'cite de la liberte', 'beja', '2022-02-03 23:52:09', '2022-02-03 23:52:09'),
(404, '9010', 'cite de la poste', 'beja', '2022-02-03 23:52:09', '2022-02-03 23:52:09'),
(405, '9010', 'cite des carrieres', 'beja', '2022-02-03 23:52:09', '2022-02-03 23:52:09'),
(406, '9010', 'cite des roses', 'beja', '2022-02-03 23:52:09', '2022-02-03 23:52:09'),
(407, '9010', 'cite el mhiri', 'beja', '2022-02-03 23:52:09', '2022-02-03 23:52:09'),
(408, '9010', 'cite erriadh', 'beja', '2022-02-03 23:52:09', '2022-02-03 23:52:09'),
(409, '9010', 'cite essaada', 'beja', '2022-02-03 23:52:09', '2022-02-03 23:52:09'),
(410, '9010', 'cite ezzouhour', 'beja', '2022-02-03 23:52:09', '2022-02-03 23:52:09'),
(411, '9010', 'cite independance', 'beja', '2022-02-03 23:52:09', '2022-02-03 23:52:09'),
(412, '9010', 'cite mixte', 'beja', '2022-02-03 23:52:09', '2022-02-03 23:52:09'),
(413, '9010', 'cite mohsen limam', 'beja', '2022-02-03 23:52:09', '2022-02-03 23:52:09'),
(414, '9010', 'cite rim', 'beja', '2022-02-03 23:52:09', '2022-02-03 23:52:09'),
(415, '9010', 'cite sidi saad', 'beja', '2022-02-03 23:52:09', '2022-02-03 23:52:09'),
(416, '9010', 'dar el hit', 'beja', '2022-02-03 23:52:09', '2022-02-03 23:52:09'),
(417, '9010', 'el amamria', 'beja', '2022-02-03 23:52:09', '2022-02-03 23:52:09'),
(418, '9010', 'el ayayada jamila', 'beja', '2022-02-03 23:52:09', '2022-02-03 23:52:09'),
(419, '9010', 'el mazdour', 'beja', '2022-02-03 23:52:09', '2022-02-03 23:52:09'),
(420, '9010', 'fatnassa', 'beja', '2022-02-03 23:52:09', '2022-02-03 23:52:09'),
(421, '9010', 'jbel diss', 'beja', '2022-02-03 23:52:09', '2022-02-03 23:52:09'),
(422, '9040', 'rihana', 'beja', '2022-02-03 23:52:09', '2022-02-03 23:52:09'),
(423, '9040', 'teboursouk', 'beja', '2022-02-03 23:52:09', '2022-02-03 23:52:09'),
(424, '9046', 'fadden essouk', 'beja', '2022-02-03 23:52:09', '2022-02-03 23:52:09'),
(425, '9032', 'borj brahim', 'beja', '2022-02-03 23:52:09', '2022-02-03 23:52:09'),
(426, '9032', 'douga', 'beja', '2022-02-03 23:52:09', '2022-02-03 23:52:09'),
(427, '9032', 'khalled', 'beja', '2022-02-03 23:52:09', '2022-02-03 23:52:09'),
(428, '9040', 'ain el hammam', 'beja', '2022-02-03 23:52:09', '2022-02-03 23:52:09'),
(429, '9040', 'ain el kehoul', 'beja', '2022-02-03 23:52:09', '2022-02-03 23:52:09'),
(430, '9040', 'ain el melliti', 'beja', '2022-02-03 23:52:09', '2022-02-03 23:52:09'),
(431, '9040', 'ain jemmala', 'beja', '2022-02-03 23:52:09', '2022-02-03 23:52:09'),
(432, '9040', 'bir ettouta', 'beja', '2022-02-03 23:52:09', '2022-02-03 23:52:09'),
(433, '9040', 'bouzaida', 'beja', '2022-02-03 23:52:09', '2022-02-03 23:52:09'),
(434, '9040', 'cite ain el karma', 'beja', '2022-02-03 23:52:09', '2022-02-03 23:52:09'),
(435, '9040', 'cite ain mrad', 'beja', '2022-02-03 23:52:09', '2022-02-03 23:52:09'),
(436, '9040', 'cite de la republique', 'beja', '2022-02-03 23:52:09', '2022-02-03 23:52:09'),
(437, '9040', 'cite des martyrs', 'beja', '2022-02-03 23:52:09', '2022-02-03 23:52:09'),
(438, '9040', 'cite du stade', 'beja', '2022-02-03 23:52:09', '2022-02-03 23:52:09'),
(439, '9040', 'cite el bassatine', 'beja', '2022-02-03 23:52:09', '2022-02-03 23:52:09'),
(440, '9040', 'cite el glai', 'beja', '2022-02-03 23:52:09', '2022-02-03 23:52:09'),
(441, '9040', 'cite el gourjani', 'beja', '2022-02-03 23:52:09', '2022-02-03 23:52:09'),
(442, '9040', 'cite el hadj abdallah', 'beja', '2022-02-03 23:52:09', '2022-02-03 23:52:09'),
(443, '9040', 'cite el ksar', 'beja', '2022-02-03 23:52:09', '2022-02-03 23:52:09'),
(444, '9040', 'cite ennacim', 'beja', '2022-02-03 23:52:09', '2022-02-03 23:52:09'),
(445, '9040', 'cite ennacim 1', 'beja', '2022-02-03 23:52:09', '2022-02-03 23:52:09'),
(446, '9040', 'cite ennacim 2', 'beja', '2022-02-03 23:52:09', '2022-02-03 23:52:09'),
(447, '9040', 'cite ezzayatine 1', 'beja', '2022-02-03 23:52:09', '2022-02-03 23:52:09'),
(448, '9040', 'cite ezzayatine 2', 'beja', '2022-02-03 23:52:09', '2022-02-03 23:52:09'),
(449, '9040', 'cite ibn khaldoun', 'beja', '2022-02-03 23:52:09', '2022-02-03 23:52:09'),
(450, '9040', 'cite ibn sina', 'beja', '2022-02-03 23:52:09', '2022-02-03 23:52:09'),
(451, '9040', 'cite industrielle', 'beja', '2022-02-03 23:52:09', '2022-02-03 23:52:09'),
(452, '9040', 'cite jardins', 'beja', '2022-02-03 23:52:09', '2022-02-03 23:52:09'),
(453, '9040', 'cite meska', 'beja', '2022-02-03 23:52:09', '2022-02-03 23:52:09'),
(454, '9040', 'cite oued essah', 'beja', '2022-02-03 23:52:09', '2022-02-03 23:52:09'),
(455, '9040', 'cite sidi bagga', 'beja', '2022-02-03 23:52:09', '2022-02-03 23:52:09'),
(456, '9040', 'dougga rouines', 'beja', '2022-02-03 23:52:09', '2022-02-03 23:52:09'),
(457, '9040', 'el ayedh', 'beja', '2022-02-03 23:52:09', '2022-02-03 23:52:09'),
(458, '9040', 'el faouar', 'beja', '2022-02-03 23:52:09', '2022-02-03 23:52:09'),
(459, '9040', 'el matria', 'beja', '2022-02-03 23:52:09', '2022-02-03 23:52:09'),
(460, '9040', 'naffet', 'beja', '2022-02-03 23:52:09', '2022-02-03 23:52:09'),
(461, '9040', 'ouled marai', 'beja', '2022-02-03 23:52:09', '2022-02-03 23:52:09'),
(462, '9060', 'ain younes', 'beja', '2022-02-03 23:52:09', '2022-02-03 23:52:09'),
(463, '9060', 'cite 20 mars', 'beja', '2022-02-03 23:52:09', '2022-02-03 23:52:09'),
(464, '9060', 'cite 26 fevrier', 'beja', '2022-02-03 23:52:09', '2022-02-03 23:52:09'),
(465, '9060', 'cite des andalous', 'beja', '2022-02-03 23:52:09', '2022-02-03 23:52:09'),
(466, '9060', 'cite el bassatine', 'beja', '2022-02-03 23:52:09', '2022-02-03 23:52:09'),
(467, '9060', 'cite el folla', 'beja', '2022-02-03 23:52:09', '2022-02-03 23:52:09'),
(468, '9060', 'cite el izdihar', 'beja', '2022-02-03 23:52:09', '2022-02-03 23:52:09'),
(469, '9060', 'cite el malouf', 'beja', '2022-02-03 23:52:09', '2022-02-03 23:52:09'),
(470, '9060', 'cite ennacim', 'beja', '2022-02-03 23:52:09', '2022-02-03 23:52:09'),
(471, '9060', 'cite gharnata 1', 'beja', '2022-02-03 23:52:09', '2022-02-03 23:52:09'),
(472, '9060', 'cite gharnata 2', 'beja', '2022-02-03 23:52:09', '2022-02-03 23:52:09'),
(473, '9060', 'cite ibn zeidoun', 'beja', '2022-02-03 23:52:09', '2022-02-03 23:52:09'),
(474, '9060', 'cite spiniair', 'beja', '2022-02-03 23:52:09', '2022-02-03 23:52:09'),
(475, '9060', 'el glaa', 'beja', '2022-02-03 23:52:09', '2022-02-03 23:52:09'),
(476, '9060', 'jlass bou issa', 'beja', '2022-02-03 23:52:09', '2022-02-03 23:52:09'),
(477, '9060', 'mezougha', 'beja', '2022-02-03 23:52:09', '2022-02-03 23:52:09'),
(478, '9060', 'oued jedra', 'beja', '2022-02-03 23:52:09', '2022-02-03 23:52:09'),
(479, '9014', 'bab bled', 'beja', '2022-02-03 23:52:09', '2022-02-03 23:52:09'),
(480, '9060', 'ouled slama', 'beja', '2022-02-03 23:52:09', '2022-02-03 23:52:09'),
(481, '9014', 'cite bahrnia', 'beja', '2022-02-03 23:52:09', '2022-02-03 23:52:09'),
(482, '9060', 'rhiba', 'beja', '2022-02-03 23:52:09', '2022-02-03 23:52:09'),
(483, '9014', 'cite beharnia', 'beja', '2022-02-03 23:52:09', '2022-02-03 23:52:09'),
(484, '9060', 'testour', 'beja', '2022-02-03 23:52:09', '2022-02-03 23:52:09'),
(485, '9014', 'cite ben karouia', 'beja', '2022-02-03 23:52:09', '2022-02-03 23:52:09'),
(486, '9060', 'zeldou', 'beja', '2022-02-03 23:52:09', '2022-02-03 23:52:09'),
(487, '9014', 'cite ben othman', 'beja', '2022-02-03 23:52:09', '2022-02-03 23:52:09'),
(488, '9061', 'esskhira', 'beja', '2022-02-03 23:52:09', '2022-02-03 23:52:09'),
(489, '9014', 'cite dar echabeb', 'beja', '2022-02-03 23:52:09', '2022-02-03 23:52:09'),
(490, '9061', 'henchir bou sofra', 'beja', '2022-02-03 23:52:09', '2022-02-03 23:52:09'),
(491, '9014', 'cite el gadhoum', 'beja', '2022-02-03 23:52:09', '2022-02-03 23:52:09'),
(492, '9062', 'ain tounga', 'beja', '2022-02-03 23:52:09', '2022-02-03 23:52:09'),
(493, '9014', 'cite el mendra', 'beja', '2022-02-03 23:52:09', '2022-02-03 23:52:09'),
(494, '9014', 'cite erraoudha', 'beja', '2022-02-03 23:52:09', '2022-02-03 23:52:09'),
(495, '9014', 'cite essayadine', 'beja', '2022-02-03 23:52:09', '2022-02-03 23:52:09'),
(496, '9014', 'cite fedden jemaa', 'beja', '2022-02-03 23:52:09', '2022-02-03 23:52:09'),
(497, '9014', 'cite jabbess', 'beja', '2022-02-03 23:52:09', '2022-02-03 23:52:09'),
(498, '9014', 'cite kichtilou', 'beja', '2022-02-03 23:52:09', '2022-02-03 23:52:09'),
(499, '9014', 'cite ouled slimane', 'beja', '2022-02-03 23:52:09', '2022-02-03 23:52:09'),
(500, '9014', 'cite sidi khouili', 'beja', '2022-02-03 23:52:09', '2022-02-03 23:52:09'),
(501, '9014', 'cite tafercha', 'beja', '2022-02-03 23:52:09', '2022-02-03 23:52:09'),
(502, '9014', 'cite tijani', 'beja', '2022-02-03 23:52:09', '2022-02-03 23:52:09'),
(503, '9014', 'el mellah', 'beja', '2022-02-03 23:52:09', '2022-02-03 23:52:09'),
(504, '9014', 'esslouguia', 'beja', '2022-02-03 23:52:09', '2022-02-03 23:52:09'),
(505, '9014', 'jebel fellous', 'beja', '2022-02-03 23:52:09', '2022-02-03 23:52:09'),
(506, '9014', 'ouljet doukhane', 'beja', '2022-02-03 23:52:09', '2022-02-03 23:52:09'),
(507, '9042', 'ain eddefali', 'beja', '2022-02-03 23:52:09', '2022-02-03 23:52:09'),
(508, '9042', 'djebba', 'beja', '2022-02-03 23:52:09', '2022-02-03 23:52:09'),
(509, '9042', 'el henancha', 'beja', '2022-02-03 23:52:09', '2022-02-03 23:52:09'),
(510, '9022', 'cite 2 mars', 'beja', '2022-02-03 23:52:09', '2022-02-03 23:52:09'),
(511, '9022', 'cite commerciale', 'beja', '2022-02-03 23:52:09', '2022-02-03 23:52:09'),
(512, '9022', 'cite des ouvriers', 'beja', '2022-02-03 23:52:09', '2022-02-03 23:52:09'),
(513, '9022', 'cite el olfa', 'beja', '2022-02-03 23:52:09', '2022-02-03 23:52:09'),
(514, '9022', 'cite ennour', 'beja', '2022-02-03 23:52:09', '2022-02-03 23:52:09'),
(515, '9022', 'cite essalama', 'beja', '2022-02-03 23:52:09', '2022-02-03 23:52:09'),
(516, '9022', 'cite hached', 'beja', '2022-02-03 23:52:09', '2022-02-03 23:52:09'),
(517, '9022', 'cite ibn khaldoun', 'beja', '2022-02-03 23:52:09', '2022-02-03 23:52:09'),
(518, '9022', 'ennechima', 'beja', '2022-02-03 23:52:09', '2022-02-03 23:52:09'),
(519, '9022', 'thibar', 'beja', '2022-02-03 23:52:09', '2022-02-03 23:52:09'),
(520, '2043', 'ben arous sud', 'ben arous', '2022-02-03 23:52:09', '2022-02-03 23:52:09'),
(521, '2013', 'ben arous', 'ben arous', '2022-02-03 23:52:09', '2022-02-03 23:52:09'),
(522, '2097', 'cite ben gamra', 'ben arous', '2022-02-03 23:52:09', '2022-02-03 23:52:09'),
(523, '2097', 'cite ben joud', 'ben arous', '2022-02-03 23:52:09', '2022-02-03 23:52:09'),
(524, '2097', 'cite bou mhel', 'ben arous', '2022-02-03 23:52:09', '2022-02-03 23:52:09'),
(525, '2097', 'cite boutouria', 'ben arous', '2022-02-03 23:52:09', '2022-02-03 23:52:09'),
(526, '2097', 'cite chebil', 'ben arous', '2022-02-03 23:52:09', '2022-02-03 23:52:09'),
(527, '2097', 'cite de l\'INTerieur', 'ben arous', '2022-02-03 23:52:09', '2022-02-03 23:52:09'),
(528, '2097', 'cite des juges', 'ben arous', '2022-02-03 23:52:09', '2022-02-03 23:52:09'),
(529, '2097', 'cite diar tounes', 'ben arous', '2022-02-03 23:52:09', '2022-02-03 23:52:09'),
(530, '2097', 'cite el ahmadi', 'ben arous', '2022-02-03 23:52:09', '2022-02-03 23:52:09'),
(531, '2097', 'cite el amen', 'ben arous', '2022-02-03 23:52:09', '2022-02-03 23:52:09'),
(532, '2097', 'cite el assil', 'ben arous', '2022-02-03 23:52:09', '2022-02-03 23:52:09'),
(533, '2097', 'cite el bassatine ancien', 'ben arous', '2022-02-03 23:52:09', '2022-02-03 23:52:09'),
(534, '2097', 'cite el ferchichi', 'ben arous', '2022-02-03 23:52:09', '2022-02-03 23:52:09'),
(535, '2097', 'cite el iklil', 'ben arous', '2022-02-03 23:52:09', '2022-02-03 23:52:09'),
(536, '2097', 'cite el kenani', 'ben arous', '2022-02-03 23:52:09', '2022-02-03 23:52:09'),
(537, '2097', 'cite el khalij', 'ben arous', '2022-02-03 23:52:09', '2022-02-03 23:52:09'),
(538, '2097', 'cite el khalledi', 'ben arous', '2022-02-03 23:52:09', '2022-02-03 23:52:09'),
(539, '2097', 'cite el mahrajene 1', 'ben arous', '2022-02-03 23:52:09', '2022-02-03 23:52:09'),
(540, '2097', 'cite el mahrajene 2', 'ben arous', '2022-02-03 23:52:09', '2022-02-03 23:52:09'),
(541, '2097', 'cite el mouna', 'ben arous', '2022-02-03 23:52:09', '2022-02-03 23:52:09'),
(542, '2097', 'cite el wafa', 'ben arous', '2022-02-03 23:52:09', '2022-02-03 23:52:09'),
(543, '2097', 'cite ennacim 1', 'ben arous', '2022-02-03 23:52:09', '2022-02-03 23:52:09'),
(544, '2097', 'cite ennacim 2', 'ben arous', '2022-02-03 23:52:09', '2022-02-03 23:52:09'),
(545, '2097', 'cite essafa', 'ben arous', '2022-02-03 23:52:09', '2022-02-03 23:52:09'),
(546, '2097', 'cite essalem', 'ben arous', '2022-02-03 23:52:09', '2022-02-03 23:52:09'),
(547, '2097', 'cite hlocationsich', 'ben arous', '2022-02-03 23:52:09', '2022-02-03 23:52:09'),
(548, '2097', 'cite jlassi', 'ben arous', '2022-02-03 23:52:09', '2022-02-03 23:52:09'),
(549, '2097', 'cite mezriou', 'ben arous', '2022-02-03 23:52:09', '2022-02-03 23:52:09'),
(550, '2097', 'cite plein air', 'ben arous', '2022-02-03 23:52:09', '2022-02-03 23:52:09'),
(551, '2097', 'cite rabiaa', 'ben arous', '2022-02-03 23:52:09', '2022-02-03 23:52:09'),
(552, '2097', 'cite snit', 'ben arous', '2022-02-03 23:52:09', '2022-02-03 23:52:09'),
(553, '2097', 'cite sprols', 'ben arous', '2022-02-03 23:52:09', '2022-02-03 23:52:09'),
(554, '2097', 'residence du mediterrane', 'ben arous', '2022-02-03 23:52:09', '2022-02-03 23:52:09'),
(555, '2097', 'residence el imara', 'ben arous', '2022-02-03 23:52:09', '2022-02-03 23:52:09'),
(556, '2097', 'residence ennacim', 'ben arous', '2022-02-03 23:52:09', '2022-02-03 23:52:09'),
(557, '2097', 'residence ezzouhour', 'ben arous', '2022-02-03 23:52:09', '2022-02-03 23:52:09'),
(558, '2097', 'residence sarra', 'ben arous', '2022-02-03 23:52:09', '2022-02-03 23:52:09'),
(559, '2097', 'residence sirine', 'ben arous', '2022-02-03 23:52:09', '2022-02-03 23:52:09'),
(560, '2097', 'bou mhel', 'ben arous', '2022-02-03 23:52:09', '2022-02-03 23:52:09'),
(561, '2074', 'cite el wifak', 'ben arous', '2022-02-03 23:52:09', '2022-02-03 23:52:09'),
(562, '2074', 'cite ennakhil', 'ben arous', '2022-02-03 23:52:09', '2022-02-03 23:52:09'),
(563, '2074', 'cite ennarjes 1', 'ben arous', '2022-02-03 23:52:09', '2022-02-03 23:52:09'),
(564, '2074', 'cite ennarjes 2', 'ben arous', '2022-02-03 23:52:09', '2022-02-03 23:52:09'),
(565, '2074', 'cite ennasr 1', 'ben arous', '2022-02-03 23:52:09', '2022-02-03 23:52:09'),
(566, '2074', 'cite ennasr 2', 'ben arous', '2022-02-03 23:52:09', '2022-02-03 23:52:09'),
(567, '2074', 'cite errachid 1', 'ben arous', '2022-02-03 23:52:09', '2022-02-03 23:52:09'),
(568, '2074', 'cite errachid 2', 'ben arous', '2022-02-03 23:52:09', '2022-02-03 23:52:09'),
(569, '2074', 'cite erraoudha', 'ben arous', '2022-02-03 23:52:09', '2022-02-03 23:52:09'),
(570, '2074', 'cite erriadh', 'ben arous', '2022-02-03 23:52:09', '2022-02-03 23:52:09'),
(571, '2074', 'cite erriadh 2', 'ben arous', '2022-02-03 23:52:09', '2022-02-03 23:52:09'),
(572, '2074', 'cite essalem', 'ben arous', '2022-02-03 23:52:09', '2022-02-03 23:52:09'),
(573, '2074', 'cite ibn jazzar 2', 'ben arous', '2022-02-03 23:52:09', '2022-02-03 23:52:09'),
(574, '2074', 'cite ibn mandhour', 'ben arous', '2022-02-03 23:52:09', '2022-02-03 23:52:09'),
(575, '2074', 'cite jardins', 'ben arous', '2022-02-03 23:52:09', '2022-02-03 23:52:09'),
(576, '2074', 'cite moncef bey', 'ben arous', '2022-02-03 23:52:09', '2022-02-03 23:52:09'),
(577, '2074', 'cite taher haddad', 'ben arous', '2022-02-03 23:52:09', '2022-02-03 23:52:09'),
(578, '2074', 'cite yargoula', 'ben arous', '2022-02-03 23:52:09', '2022-02-03 23:52:09'),
(579, '2074', 'el alia 1', 'ben arous', '2022-02-03 23:52:09', '2022-02-03 23:52:09'),
(580, '2074', 'el alia 2', 'ben arous', '2022-02-03 23:52:09', '2022-02-03 23:52:09'),
(581, '2074', 'el alia 3', 'ben arous', '2022-02-03 23:52:09', '2022-02-03 23:52:09'),
(582, '2074', 'el mourouj', 'ben arous', '2022-02-03 23:52:09', '2022-02-03 23:52:09'),
(583, '2074', 'la belle residence', 'ben arous', '2022-02-03 23:52:09', '2022-02-03 23:52:09'),
(584, '2074', 'residence chebbi', 'ben arous', '2022-02-03 23:52:09', '2022-02-03 23:52:09');
INSERT INTO locations (id, zipcode, city, state, created_at, updated_at) VALUES
(585, '2074', 'residence chourouk 1', 'ben arous', '2022-02-03 23:52:09', '2022-02-03 23:52:09'),
(586, '2074', 'residence chourouk 2', 'ben arous', '2022-02-03 23:52:09', '2022-02-03 23:52:09'),
(587, '2074', 'residence chourouk 3', 'ben arous', '2022-02-03 23:52:09', '2022-02-03 23:52:09'),
(588, '2074', 'residence de l\'horizon', 'ben arous', '2022-02-03 23:52:09', '2022-02-03 23:52:09'),
(589, '2074', 'residence de la verdure', 'ben arous', '2022-02-03 23:52:09', '2022-02-03 23:52:09'),
(590, '2074', 'residence du prINTemps', 'ben arous', '2022-02-03 23:52:09', '2022-02-03 23:52:09'),
(591, '2074', 'residence el foll', 'ben arous', '2022-02-03 23:52:09', '2022-02-03 23:52:09'),
(592, '2074', 'residence el khalil', 'ben arous', '2022-02-03 23:52:09', '2022-02-03 23:52:09'),
(593, '2074', 'residence el mourjene', 'ben arous', '2022-02-03 23:52:09', '2022-02-03 23:52:09'),
(594, '2074', 'residence el ouard', 'ben arous', '2022-02-03 23:52:09', '2022-02-03 23:52:09'),
(595, '2074', 'residence el wafa', 'ben arous', '2022-02-03 23:52:09', '2022-02-03 23:52:09'),
(596, '2074', 'residence ennacim', 'ben arous', '2022-02-03 23:52:09', '2022-02-03 23:52:09'),
(597, '2074', 'residence ennaoures', 'ben arous', '2022-02-03 23:52:09', '2022-02-03 23:52:09'),
(598, '2074', 'residence ennesrine', 'ben arous', '2022-02-03 23:52:09', '2022-02-03 23:52:09'),
(599, '2074', 'residence erraboua', 'ben arous', '2022-02-03 23:52:09', '2022-02-03 23:52:09'),
(600, '2074', 'residence essaad', 'ben arous', '2022-02-03 23:52:09', '2022-02-03 23:52:09'),
(601, '2074', 'residence essaada', 'ben arous', '2022-02-03 23:52:09', '2022-02-03 23:52:09'),
(602, '2074', 'residence essraya', 'ben arous', '2022-02-03 23:52:09', '2022-02-03 23:52:09'),
(603, '2074', 'residence ibn khaldoun', 'ben arous', '2022-02-03 23:52:09', '2022-02-03 23:52:09'),
(604, '2074', 'residence ibn zeidoun', 'ben arous', '2022-02-03 23:52:09', '2022-02-03 23:52:09'),
(605, '2074', 'residence ines', 'ben arous', '2022-02-03 23:52:09', '2022-02-03 23:52:09'),
(606, '2074', 'residence jinene el mourouj', 'ben arous', '2022-02-03 23:52:09', '2022-02-03 23:52:09'),
(607, '2074', 'residence meriem', 'ben arous', '2022-02-03 23:52:09', '2022-02-03 23:52:09'),
(608, '2074', 'residence sidi bou said', 'ben arous', '2022-02-03 23:52:09', '2022-02-03 23:52:09'),
(609, '2074', 'residence type', 'ben arous', '2022-02-03 23:52:09', '2022-02-03 23:52:09'),
(610, '2074', 'residence zahret el mourouj', 'ben arous', '2022-02-03 23:52:09', '2022-02-03 23:52:09'),
(611, '2074', 'cite alyssa 1', 'ben arous', '2022-02-03 23:52:09', '2022-02-03 23:52:09'),
(612, '2074', 'cite alyssa 2', 'ben arous', '2022-02-03 23:52:09', '2022-02-03 23:52:09'),
(613, '2074', 'cite azza 1', 'ben arous', '2022-02-03 23:52:09', '2022-02-03 23:52:09'),
(614, '2074', 'cite azza 2', 'ben arous', '2022-02-03 23:52:09', '2022-02-03 23:52:09'),
(615, '2074', 'cite commerciale abou sofiane', 'ben arous', '2022-02-03 23:52:09', '2022-02-03 23:52:09'),
(616, '2074', 'cite commerciale boukhriss', 'ben arous', '2022-02-03 23:52:09', '2022-02-03 23:52:09'),
(617, '2074', 'cite des oasis', 'ben arous', '2022-02-03 23:52:09', '2022-02-03 23:52:09'),
(618, '2074', 'cite el bassatine', 'ben arous', '2022-02-03 23:52:09', '2022-02-03 23:52:09'),
(619, '2074', 'cite el bochra', 'ben arous', '2022-02-03 23:52:09', '2022-02-03 23:52:09'),
(620, '2074', 'cite el faouz', 'ben arous', '2022-02-03 23:52:09', '2022-02-03 23:52:09'),
(621, '2074', 'cite el foll', 'ben arous', '2022-02-03 23:52:09', '2022-02-03 23:52:09'),
(622, '2059', 'bir el kassaa', 'ben arous', '2022-02-03 23:52:09', '2022-02-03 23:52:09'),
(623, '2074', 'cite el mourouj 3 bis', 'ben arous', '2022-02-03 23:52:09', '2022-02-03 23:52:09'),
(624, '2034', 'cite 18 janvier', 'ben arous', '2022-02-03 23:52:09', '2022-02-03 23:52:09'),
(625, '2034', 'cite borj louzir', 'ben arous', '2022-02-03 23:52:09', '2022-02-03 23:52:09'),
(626, '2034', 'cite du port', 'ben arous', '2022-02-03 23:52:09', '2022-02-03 23:52:09'),
(627, '2034', 'cite du wagon', 'ben arous', '2022-02-03 23:52:09', '2022-02-03 23:52:09'),
(628, '2034', 'cite el ahlem', 'ben arous', '2022-02-03 23:52:09', '2022-02-03 23:52:09'),
(629, '2034', 'cite el akacia', 'ben arous', '2022-02-03 23:52:09', '2022-02-03 23:52:09'),
(630, '2034', 'cite el amen', 'ben arous', '2022-02-03 23:52:09', '2022-02-03 23:52:09'),
(631, '2034', 'cite el ezz', 'ben arous', '2022-02-03 23:52:09', '2022-02-03 23:52:09'),
(632, '2034', 'cite el oulija', 'ben arous', '2022-02-03 23:52:09', '2022-02-03 23:52:09'),
(633, '2034', 'cite el ouns', 'ben arous', '2022-02-03 23:52:09', '2022-02-03 23:52:09'),
(634, '2065', 'cite ben miled', 'ben arous', '2022-02-03 23:52:09', '2022-02-03 23:52:09'),
(635, '2034', 'cite ennakhil 1', 'ben arous', '2022-02-03 23:52:09', '2022-02-03 23:52:09'),
(636, '2065', 'cite el habib', 'ben arous', '2022-02-03 23:52:09', '2022-02-03 23:52:09'),
(637, '2034', 'cite ennakhil 2', 'ben arous', '2022-02-03 23:52:09', '2022-02-03 23:52:09'),
(638, '2065', 'cite el houl', 'ben arous', '2022-02-03 23:52:09', '2022-02-03 23:52:09'),
(639, '2034', 'cite errachid', 'ben arous', '2022-02-03 23:52:09', '2022-02-03 23:52:09'),
(640, '2065', 'cite el ward', 'ben arous', '2022-02-03 23:52:09', '2022-02-03 23:52:09'),
(641, '2034', 'cite erriadh', 'ben arous', '2022-02-03 23:52:09', '2022-02-03 23:52:09'),
(642, '2065', 'cite el yasmine', 'ben arous', '2022-02-03 23:52:09', '2022-02-03 23:52:09'),
(643, '2065', 'cite ennasr', 'ben arous', '2022-02-03 23:52:09', '2022-02-03 23:52:09'),
(644, '2034', 'cite hedi khfacha', 'ben arous', '2022-02-03 23:52:09', '2022-02-03 23:52:09'),
(645, '2065', 'ezzahra el habib', 'ben arous', '2022-02-03 23:52:09', '2022-02-03 23:52:09'),
(646, '2034', 'cite imen', 'ben arous', '2022-02-03 23:52:09', '2022-02-03 23:52:09'),
(647, '2034', 'cite industrielle', 'ben arous', '2022-02-03 23:52:09', '2022-02-03 23:52:09'),
(648, '2034', 'cite mrad 1', 'ben arous', '2022-02-03 23:52:09', '2022-02-03 23:52:09'),
(649, '2034', 'cite mrad 2', 'ben arous', '2022-02-03 23:52:09', '2022-02-03 23:52:09'),
(650, '2034', 'cite panorama', 'ben arous', '2022-02-03 23:52:09', '2022-02-03 23:52:09'),
(651, '2034', 'ezzahra', 'ben arous', '2022-02-03 23:52:09', '2022-02-03 23:52:09'),
(652, '2082', 'cite 20 mars', 'ben arous', '2022-02-03 23:52:09', '2022-02-03 23:52:09'),
(653, '2082', 'cite brim', 'ben arous', '2022-02-03 23:52:09', '2022-02-03 23:52:09'),
(654, '2082', 'cite chebbi', 'ben arous', '2022-02-03 23:52:09', '2022-02-03 23:52:09'),
(655, '2082', 'cite el amel', 'ben arous', '2022-02-03 23:52:09', '2022-02-03 23:52:09'),
(656, '2082', 'cite el amel 2', 'ben arous', '2022-02-03 23:52:09', '2022-02-03 23:52:09'),
(657, '2082', 'cite el banefsej', 'ben arous', '2022-02-03 23:52:09', '2022-02-03 23:52:09'),
(658, '2082', 'cite el fateh', 'ben arous', '2022-02-03 23:52:09', '2022-02-03 23:52:09'),
(659, '2082', 'cite el hana', 'ben arous', '2022-02-03 23:52:09', '2022-02-03 23:52:09'),
(660, '2082', 'cite el hidhab', 'ben arous', '2022-02-03 23:52:09', '2022-02-03 23:52:09'),
(661, '2082', 'cite el izdihar', 'ben arous', '2022-02-03 23:52:09', '2022-02-03 23:52:09'),
(662, '2082', 'cite el misk', 'ben arous', '2022-02-03 23:52:09', '2022-02-03 23:52:09'),
(663, '2082', 'cite el moustakbel', 'ben arous', '2022-02-03 23:52:09', '2022-02-03 23:52:09'),
(664, '2082', 'cite el ward', 'ben arous', '2022-02-03 23:52:09', '2022-02-03 23:52:09'),
(665, '2082', 'cite el wifak', 'ben arous', '2022-02-03 23:52:09', '2022-02-03 23:52:09'),
(666, '2082', 'cite ennasr', 'ben arous', '2022-02-03 23:52:09', '2022-02-03 23:52:09'),
(667, '2082', 'cite ennouzha', 'ben arous', '2022-02-03 23:52:09', '2022-02-03 23:52:09'),
(668, '2082', 'cite erriadh', 'ben arous', '2022-02-03 23:52:09', '2022-02-03 23:52:09'),
(669, '2082', 'cite ezzitoun 1', 'ben arous', '2022-02-03 23:52:09', '2022-02-03 23:52:09'),
(670, '2082', 'cite khouaja', 'ben arous', '2022-02-03 23:52:09', '2022-02-03 23:52:09'),
(671, '2082', 'cite snit', 'ben arous', '2022-02-03 23:52:09', '2022-02-03 23:52:09'),
(672, '2082', 'cite trabelsi', 'ben arous', '2022-02-03 23:52:09', '2022-02-03 23:52:09'),
(673, '2082', 'el menaychia', 'ben arous', '2022-02-03 23:52:09', '2022-02-03 23:52:09'),
(674, '2082', 'fouchana', 'ben arous', '2022-02-03 23:52:09', '2022-02-03 23:52:09'),
(675, '2082', 'meghira centre', 'ben arous', '2022-02-03 23:52:09', '2022-02-03 23:52:09'),
(676, '2082', 'meghira inzel', 'ben arous', '2022-02-03 23:52:09', '2022-02-03 23:52:09'),
(677, '2082', 'zone industrielle el meghira', 'ben arous', '2022-02-03 23:52:09', '2022-02-03 23:52:09'),
(678, '1135', 'bir zendala', 'ben arous', '2022-02-03 23:52:09', '2022-02-03 23:52:09'),
(679, '1135', 'chebedda', 'ben arous', '2022-02-03 23:52:09', '2022-02-03 23:52:09'),
(680, '1135', 'douar el houch', 'ben arous', '2022-02-03 23:52:09', '2022-02-03 23:52:09'),
(681, '1135', 'naassen', 'ben arous', '2022-02-03 23:52:09', '2022-02-03 23:52:09'),
(682, '1164', 'hammam chatt', 'ben arous', '2022-02-03 23:52:09', '2022-02-03 23:52:09'),
(683, '2055', 'bir el bey', 'ben arous', '2022-02-03 23:52:09', '2022-02-03 23:52:09'),
(684, '2084', 'borj cedria', 'ben arous', '2022-02-03 23:52:09', '2022-02-03 23:52:09'),
(685, '2050', 'cite essanaoubria', 'ben arous', '2022-02-03 23:52:09', '2022-02-03 23:52:09'),
(686, '2050', 'cite hached', 'ben arous', '2022-02-03 23:52:09', '2022-02-03 23:52:09'),
(687, '2050', 'cite kortoba', 'ben arous', '2022-02-03 23:52:09', '2022-02-03 23:52:09'),
(688, '2050', 'cite mongi slim', 'ben arous', '2022-02-03 23:52:09', '2022-02-03 23:52:09'),
(689, '2050', 'cite office cereale', 'ben arous', '2022-02-03 23:52:09', '2022-02-03 23:52:09'),
(690, '2050', 'cite thermale', 'ben arous', '2022-02-03 23:52:09', '2022-02-03 23:52:09'),
(691, '2050', 'hammam lif', 'ben arous', '2022-02-03 23:52:09', '2022-02-03 23:52:09'),
(692, '2099', 'cite boussouffara', 'ben arous', '2022-02-03 23:52:09', '2022-02-03 23:52:09'),
(693, '2093', 'bou kornine', 'ben arous', '2022-02-03 23:52:09', '2022-02-03 23:52:09'),
(694, '2093', 'cite bou kornine 2', 'ben arous', '2022-02-03 23:52:09', '2022-02-03 23:52:09'),
(695, '2050', 'cite 7 novembre', 'ben arous', '2022-02-03 23:52:09', '2022-02-03 23:52:09'),
(696, '2050', 'cite casino', 'ben arous', '2022-02-03 23:52:09', '2022-02-03 23:52:09'),
(697, '2050', 'cite dar el bey', 'ben arous', '2022-02-03 23:52:09', '2022-02-03 23:52:09'),
(698, '2050', 'cite de la municipalite', 'ben arous', '2022-02-03 23:52:09', '2022-02-03 23:52:09'),
(699, '2050', 'cite des instituteurs', 'ben arous', '2022-02-03 23:52:09', '2022-02-03 23:52:09'),
(700, '2050', 'cite des ouvriers', 'ben arous', '2022-02-03 23:52:09', '2022-02-03 23:52:09'),
(701, '2050', 'cite ennahdha', 'ben arous', '2022-02-03 23:52:09', '2022-02-03 23:52:09'),
(702, '2050', 'cite ennasr', 'ben arous', '2022-02-03 23:52:09', '2022-02-03 23:52:09'),
(703, '2050', 'cite ennouzha', 'ben arous', '2022-02-03 23:52:09', '2022-02-03 23:52:09'),
(704, '2033', 'megrine', 'ben arous', '2022-02-03 23:52:09', '2022-02-03 23:52:09'),
(705, '2033', 'megrine coteau', 'ben arous', '2022-02-03 23:52:09', '2022-02-03 23:52:09'),
(706, '2033', 'megrine superieur', 'ben arous', '2022-02-03 23:52:09', '2022-02-03 23:52:09'),
(707, '2033', 'sidi rezig', 'ben arous', '2022-02-03 23:52:09', '2022-02-03 23:52:09'),
(708, '2024', 'megrine chaker', 'ben arous', '2022-02-03 23:52:09', '2022-02-03 23:52:09'),
(709, '2024', 'megrine jaouhara', 'ben arous', '2022-02-03 23:52:09', '2022-02-03 23:52:09'),
(710, '2014', 'cite founiz', 'ben arous', '2022-02-03 23:52:09', '2022-02-03 23:52:09'),
(711, '2014', 'megrine riadh', 'ben arous', '2022-02-03 23:52:09', '2022-02-03 23:52:09'),
(712, '2014', 'saINT gobin', 'ben arous', '2022-02-03 23:52:09', '2022-02-03 23:52:09'),
(713, '2014', 'zone industrielle saINT gobin', 'ben arous', '2022-02-03 23:52:09', '2022-02-03 23:52:09'),
(714, '1145', 'cite bou akroucha', 'ben arous', '2022-02-03 23:52:09', '2022-02-03 23:52:09'),
(715, '1145', 'cite bourbai', 'ben arous', '2022-02-03 23:52:09', '2022-02-03 23:52:09'),
(716, '1145', 'cite cebbalet chikh', 'ben arous', '2022-02-03 23:52:09', '2022-02-03 23:52:09'),
(717, '1145', 'cite chaabane', 'ben arous', '2022-02-03 23:52:09', '2022-02-03 23:52:09'),
(718, '1145', 'cite chebbi', 'ben arous', '2022-02-03 23:52:09', '2022-02-03 23:52:09'),
(719, '1145', 'cite de la carriere 1', 'ben arous', '2022-02-03 23:52:09', '2022-02-03 23:52:09'),
(720, '1145', 'cite de la carriere 2', 'ben arous', '2022-02-03 23:52:09', '2022-02-03 23:52:09'),
(721, '1145', 'cite du lycee', 'ben arous', '2022-02-03 23:52:09', '2022-02-03 23:52:09'),
(722, '1145', 'cite el amen', 'ben arous', '2022-02-03 23:52:09', '2022-02-03 23:52:09'),
(723, '1145', 'cite el atiq', 'ben arous', '2022-02-03 23:52:09', '2022-02-03 23:52:09'),
(724, '1145', 'cite el baccouch', 'ben arous', '2022-02-03 23:52:09', '2022-02-03 23:52:09'),
(725, '1145', 'cite el bassatine', 'ben arous', '2022-02-03 23:52:09', '2022-02-03 23:52:09'),
(726, '1145', 'cite el elmi 1', 'ben arous', '2022-02-03 23:52:09', '2022-02-03 23:52:09'),
(727, '1145', 'cite el elmi 2', 'ben arous', '2022-02-03 23:52:09', '2022-02-03 23:52:09'),
(728, '1145', 'cite el haddad', 'ben arous', '2022-02-03 23:52:09', '2022-02-03 23:52:09'),
(729, '1145', 'cite el hana', 'ben arous', '2022-02-03 23:52:09', '2022-02-03 23:52:09'),
(730, '1145', 'cite el ksar', 'ben arous', '2022-02-03 23:52:09', '2022-02-03 23:52:09'),
(731, '1145', 'cite el omri 1', 'ben arous', '2022-02-03 23:52:09', '2022-02-03 23:52:09'),
(732, '1145', 'cite el omri 2', 'ben arous', '2022-02-03 23:52:09', '2022-02-03 23:52:09'),
(733, '1145', 'cite ellouata', 'ben arous', '2022-02-03 23:52:09', '2022-02-03 23:52:09'),
(734, '1145', 'cite ennacim 1', 'ben arous', '2022-02-03 23:52:09', '2022-02-03 23:52:09'),
(735, '1145', 'cite ennacim 2', 'ben arous', '2022-02-03 23:52:09', '2022-02-03 23:52:09'),
(736, '1145', 'cite ennasr', 'ben arous', '2022-02-03 23:52:09', '2022-02-03 23:52:09'),
(737, '1145', 'cite ennouzha', 'ben arous', '2022-02-03 23:52:09', '2022-02-03 23:52:09'),
(738, '1145', 'cite erriadh', 'ben arous', '2022-02-03 23:52:09', '2022-02-03 23:52:09'),
(739, '1145', 'cite essaada 1', 'ben arous', '2022-02-03 23:52:09', '2022-02-03 23:52:09'),
(740, '1145', 'cite essaada 2', 'ben arous', '2022-02-03 23:52:09', '2022-02-03 23:52:09'),
(741, '1145', 'cite essaada 3', 'ben arous', '2022-02-03 23:52:09', '2022-02-03 23:52:09'),
(742, '1145', 'cite essalem', 'ben arous', '2022-02-03 23:52:09', '2022-02-03 23:52:09'),
(743, '1145', 'cite ettayari', 'ben arous', '2022-02-03 23:52:09', '2022-02-03 23:52:09'),
(744, '1145', 'cite ettouahria', 'ben arous', '2022-02-03 23:52:09', '2022-02-03 23:52:09'),
(745, '1145', 'cite ezzitoun 2', 'ben arous', '2022-02-03 23:52:09', '2022-02-03 23:52:09'),
(746, '1145', 'cite fattouma bourguiba', 'ben arous', '2022-02-03 23:52:09', '2022-02-03 23:52:09'),
(747, '1145', 'cite hached 1', 'ben arous', '2022-02-03 23:52:09', '2022-02-03 23:52:09'),
(748, '1145', 'cite hached 2', 'ben arous', '2022-02-03 23:52:09', '2022-02-03 23:52:09'),
(749, '1145', 'cite jaouhara', 'ben arous', '2022-02-03 23:52:09', '2022-02-03 23:52:09'),
(750, '1145', 'cite jardins', 'ben arous', '2022-02-03 23:52:09', '2022-02-03 23:52:09'),
(751, '1145', 'cite mongi slim 1', 'ben arous', '2022-02-03 23:52:10', '2022-02-03 23:52:10'),
(752, '1145', 'cite mongi slim 2', 'ben arous', '2022-02-03 23:52:10', '2022-02-03 23:52:10'),
(753, '1145', 'cite oudhna', 'ben arous', '2022-02-03 23:52:10', '2022-02-03 23:52:10'),
(754, '1145', 'cite taieb mhiri', 'ben arous', '2022-02-03 23:52:10', '2022-02-03 23:52:10'),
(755, '1145', 'cite tnich', 'ben arous', '2022-02-03 23:52:10', '2022-02-03 23:52:10'),
(756, '1145', 'immeubles de l\'INTerieur', 'ben arous', '2022-02-03 23:52:10', '2022-02-03 23:52:10'),
(757, '1145', 'mohamadia', 'ben arous', '2022-02-03 23:52:10', '2022-02-03 23:52:10'),
(758, '1145', 'residence el ferdaous', 'ben arous', '2022-02-03 23:52:10', '2022-02-03 23:52:10'),
(759, '1145', 'residence el moustakbel', 'ben arous', '2022-02-03 23:52:10', '2022-02-03 23:52:10'),
(760, '1145', 'residence el ouns', 'ben arous', '2022-02-03 23:52:10', '2022-02-03 23:52:10'),
(761, '1145', 'residence ettaoufik', 'ben arous', '2022-02-03 23:52:10', '2022-02-03 23:52:10'),
(762, '2090', 'ahmed zaied', 'ben arous', '2022-02-03 23:52:10', '2022-02-03 23:52:10'),
(763, '2090', 'ben nouiji', 'ben arous', '2022-02-03 23:52:10', '2022-02-03 23:52:10'),
(764, '2090', 'borj essoufi', 'ben arous', '2022-02-03 23:52:10', '2022-02-03 23:52:10'),
(765, '2090', 'bou jerdga', 'ben arous', '2022-02-03 23:52:10', '2022-02-03 23:52:10'),
(766, '2090', 'chala', 'ben arous', '2022-02-03 23:52:10', '2022-02-03 23:52:10'),
(767, '2090', 'chamine', 'ben arous', '2022-02-03 23:52:10', '2022-02-03 23:52:10'),
(768, '2090', 'cite ennasr', 'ben arous', '2022-02-03 23:52:10', '2022-02-03 23:52:10'),
(769, '2064', 'cite air nouvelle', 'ben arous', '2022-02-03 23:52:10', '2022-02-03 23:52:10'),
(770, '2090', 'douar la porte', 'ben arous', '2022-02-03 23:52:10', '2022-02-03 23:52:10'),
(771, '2064', 'cite ettayarane', 'ben arous', '2022-02-03 23:52:10', '2022-02-03 23:52:10'),
(772, '2090', 'douar salem', 'ben arous', '2022-02-03 23:52:10', '2022-02-03 23:52:10'),
(773, '2064', 'el abebsa', 'ben arous', '2022-02-03 23:52:10', '2022-02-03 23:52:10'),
(774, '2090', 'el alelgua', 'ben arous', '2022-02-03 23:52:10', '2022-02-03 23:52:10'),
(775, '2064', 'el fendria', 'ben arous', '2022-02-03 23:52:10', '2022-02-03 23:52:10'),
(776, '2090', 'el araba', 'ben arous', '2022-02-03 23:52:10', '2022-02-03 23:52:10'),
(777, '2064', 'el kabouti', 'ben arous', '2022-02-03 23:52:10', '2022-02-03 23:52:10'),
(778, '2090', 'el haouamed', 'ben arous', '2022-02-03 23:52:10', '2022-02-03 23:52:10'),
(779, '2064', 'jebel ersass', 'ben arous', '2022-02-03 23:52:10', '2022-02-03 23:52:10'),
(780, '2090', 'el ksibi', 'ben arous', '2022-02-03 23:52:10', '2022-02-03 23:52:10'),
(781, '2064', 'jourjou', 'ben arous', '2022-02-03 23:52:10', '2022-02-03 23:52:10'),
(782, '2090', 'ettiayra', 'ben arous', '2022-02-03 23:52:10', '2022-02-03 23:52:10'),
(783, '2064', 'mirghna', 'ben arous', '2022-02-03 23:52:10', '2022-02-03 23:52:10'),
(784, '2090', 'ferme marquee', 'ben arous', '2022-02-03 23:52:10', '2022-02-03 23:52:10'),
(785, '2064', 'sidi salem el garci', 'ben arous', '2022-02-03 23:52:10', '2022-02-03 23:52:10'),
(786, '2090', 'henchir bouchta', 'ben arous', '2022-02-03 23:52:10', '2022-02-03 23:52:10'),
(787, '2090', 'henchir el ghobar', 'ben arous', '2022-02-03 23:52:10', '2022-02-03 23:52:10'),
(788, '2090', 'henchir khelil', 'ben arous', '2022-02-03 23:52:10', '2022-02-03 23:52:10'),
(789, '2054', 'ain regad', 'ben arous', '2022-02-03 23:52:10', '2022-02-03 23:52:10'),
(790, '2090', 'huilerie bayrem', 'ben arous', '2022-02-03 23:52:10', '2022-02-03 23:52:10'),
(791, '2054', 'barrouta', 'ben arous', '2022-02-03 23:52:10', '2022-02-03 23:52:10'),
(792, '2090', 'mornag', 'ben arous', '2022-02-03 23:52:10', '2022-02-03 23:52:10'),
(793, '2054', 'bir jedid', 'ben arous', '2022-02-03 23:52:10', '2022-02-03 23:52:10'),
(794, '2090', 'ouzra', 'ben arous', '2022-02-03 23:52:10', '2022-02-03 23:52:10'),
(795, '2054', 'el gounna', 'ben arous', '2022-02-03 23:52:10', '2022-02-03 23:52:10'),
(796, '2090', 'sidi saad', 'ben arous', '2022-02-03 23:52:10', '2022-02-03 23:52:10'),
(797, '2054', 'henchir kharrouba', 'ben arous', '2022-02-03 23:52:10', '2022-02-03 23:52:10'),
(798, '2090', 'tarhouna 1', 'ben arous', '2022-02-03 23:52:10', '2022-02-03 23:52:10'),
(799, '2054', 'khelidia', 'ben arous', '2022-02-03 23:52:10', '2022-02-03 23:52:10'),
(800, '2090', 'tarhouna 2', 'ben arous', '2022-02-03 23:52:10', '2022-02-03 23:52:10'),
(801, '2054', 'kouenjel', 'ben arous', '2022-02-03 23:52:10', '2022-02-03 23:52:10'),
(802, '2090', 'zaouit mornag', 'ben arous', '2022-02-03 23:52:10', '2022-02-03 23:52:10'),
(803, '2054', 'sidi messaoud', 'ben arous', '2022-02-03 23:52:10', '2022-02-03 23:52:10'),
(804, '2054', 'sidi othman landari', 'ben arous', '2022-02-03 23:52:10', '2022-02-03 23:52:10'),
(805, '2054', 'sondage', 'ben arous', '2022-02-03 23:52:10', '2022-02-03 23:52:10'),
(806, '2044', 'errissala', 'ben arous', '2022-02-03 23:52:10', '2022-02-03 23:52:10'),
(807, '2063', 'nouvelle medina', 'ben arous', '2022-02-03 23:52:10', '2022-02-03 23:52:10'),
(808, '2096', 'el yasminette', 'ben arous', '2022-02-03 23:52:10', '2022-02-03 23:52:10'),
(809, '2018', 'cite snit', 'ben arous', '2022-02-03 23:52:10', '2022-02-03 23:52:10'),
(810, '2018', 'decouppage haj aleya', 'ben arous', '2022-02-03 23:52:10', '2022-02-03 23:52:10'),
(811, '2018', 'rades 7 novembre', 'ben arous', '2022-02-03 23:52:10', '2022-02-03 23:52:10'),
(812, '2018', 'village mediterranee', 'ben arous', '2022-02-03 23:52:10', '2022-02-03 23:52:10'),
(813, '2018', 'ville sportive', 'ben arous', '2022-02-03 23:52:10', '2022-02-03 23:52:10'),
(814, '1125', 'cite 20 mars', 'ben arous', '2022-02-03 23:52:10', '2022-02-03 23:52:10'),
(815, '1125', 'cite ennour', 'ben arous', '2022-02-03 23:52:10', '2022-02-03 23:52:10'),
(816, '1125', 'rades saline', 'ben arous', '2022-02-03 23:52:10', '2022-02-03 23:52:10'),
(817, '2040', 'chouchet rades', 'ben arous', '2022-02-03 23:52:10', '2022-02-03 23:52:10'),
(818, '1125', 'zone industrielle 1', 'ben arous', '2022-02-03 23:52:10', '2022-02-03 23:52:10'),
(819, '2040', 'cite mohamed ali', 'ben arous', '2022-02-03 23:52:10', '2022-02-03 23:52:10'),
(820, '1125', 'zone industrielle 2', 'ben arous', '2022-02-03 23:52:10', '2022-02-03 23:52:10'),
(821, '2040', 'cite rades 2', 'ben arous', '2022-02-03 23:52:10', '2022-02-03 23:52:10'),
(822, '1125', 'zone petroliere', 'ben arous', '2022-02-03 23:52:10', '2022-02-03 23:52:10'),
(823, '2040', 'cite sfaxi', 'ben arous', '2022-02-03 23:52:10', '2022-02-03 23:52:10'),
(824, '2040', 'cite sncft', 'ben arous', '2022-02-03 23:52:10', '2022-02-03 23:52:10'),
(825, '2040', 'cite taieb mhiri 1', 'ben arous', '2022-02-03 23:52:10', '2022-02-03 23:52:10'),
(826, '2040', 'cite taieb mhiri 2', 'ben arous', '2022-02-03 23:52:10', '2022-02-03 23:52:10'),
(827, '2040', 'cite taieb mhiri 3', 'ben arous', '2022-02-03 23:52:10', '2022-02-03 23:52:10'),
(828, '2040', 'rades', 'ben arous', '2022-02-03 23:52:10', '2022-02-03 23:52:10'),
(829, '2040', 'rades plage', 'ben arous', '2022-02-03 23:52:10', '2022-02-03 23:52:10'),
(830, '2098', 'cite el ezz', 'ben arous', '2022-02-03 23:52:10', '2022-02-03 23:52:10'),
(831, '2098', 'cite nouvelle', 'ben arous', '2022-02-03 23:52:10', '2022-02-03 23:52:10'),
(832, '2098', 'rades el mrah', 'ben arous', '2022-02-03 23:52:10', '2022-02-03 23:52:10'),
(833, '2098', 'rades foret', 'ben arous', '2022-02-03 23:52:10', '2022-02-03 23:52:10'),
(834, '2098', 'rades medina', 'ben arous', '2022-02-03 23:52:10', '2022-02-03 23:52:10'),
(835, '2098', 'rades meliane', 'ben arous', '2022-02-03 23:52:10', '2022-02-03 23:52:10'),
(836, '2098', 'rades mongil', 'ben arous', '2022-02-03 23:52:10', '2022-02-03 23:52:10'),
(837, '7053', 'cite el korniche 1', 'bizerte', '2022-02-03 23:52:10', '2022-02-03 23:52:10'),
(838, '7003', 'cite de paris', 'bizerte', '2022-02-03 23:52:10', '2022-02-03 23:52:10'),
(839, '7053', 'cite el korniche 2', 'bizerte', '2022-02-03 23:52:10', '2022-02-03 23:52:10'),
(840, '7003', 'cite el hana', 'bizerte', '2022-02-03 23:52:10', '2022-02-03 23:52:10'),
(841, '7053', 'cite el korniche 3', 'bizerte', '2022-02-03 23:52:10', '2022-02-03 23:52:10'),
(842, '7003', 'cite ennacim', 'bizerte', '2022-02-03 23:52:10', '2022-02-03 23:52:10'),
(843, '7053', 'cite el morjene 3', 'bizerte', '2022-02-03 23:52:10', '2022-02-03 23:52:10'),
(844, '7003', 'cite erraouabi', 'bizerte', '2022-02-03 23:52:10', '2022-02-03 23:52:10'),
(845, '7053', 'cite el morjene 4', 'bizerte', '2022-02-03 23:52:10', '2022-02-03 23:52:10'),
(846, '7003', 'oued el marj', 'bizerte', '2022-02-03 23:52:10', '2022-02-03 23:52:10'),
(847, '7053', 'cite rafaha 1', 'bizerte', '2022-02-03 23:52:10', '2022-02-03 23:52:10'),
(848, '7053', 'cite rafaha 2', 'bizerte', '2022-02-03 23:52:10', '2022-02-03 23:52:10'),
(849, '7061', 'bizerte bab mateur', 'bizerte', '2022-02-03 23:52:10', '2022-02-03 23:52:10'),
(850, '7029', 'ennadhour', 'bizerte', '2022-02-03 23:52:10', '2022-02-03 23:52:10'),
(851, '7029', 'fejjet errih', 'bizerte', '2022-02-03 23:52:10', '2022-02-03 23:52:10'),
(852, '7029', 'ksar lahmar', 'bizerte', '2022-02-03 23:52:10', '2022-02-03 23:52:10'),
(853, '7029', 'marnissa', 'bizerte', '2022-02-03 23:52:10', '2022-02-03 23:52:10'),
(854, '7029', 'sidi ahmed', 'bizerte', '2022-02-03 23:52:10', '2022-02-03 23:52:10'),
(855, '7000', 'bizerte', 'bizerte', '2022-02-03 23:52:10', '2022-02-03 23:52:10'),
(856, '7000', 'cite ain mariem', 'bizerte', '2022-02-03 23:52:10', '2022-02-03 23:52:10'),
(857, '7000', 'cite belvedere', 'bizerte', '2022-02-03 23:52:10', '2022-02-03 23:52:10'),
(858, '7001', 'cite bougatfa', 'bizerte', '2022-02-03 23:52:10', '2022-02-03 23:52:10'),
(859, '7001', 'cite de la municipalite', 'bizerte', '2022-02-03 23:52:10', '2022-02-03 23:52:10'),
(860, '7001', 'cite erriadh', 'bizerte', '2022-02-03 23:52:10', '2022-02-03 23:52:10'),
(861, '7001', 'cite hassen nouri', 'bizerte', '2022-02-03 23:52:10', '2022-02-03 23:52:10'),
(862, '7053', 'bizerte bougatfa', 'bizerte', '2022-02-03 23:52:10', '2022-02-03 23:52:10'),
(863, '7001', 'cite nouvelle plage', 'bizerte', '2022-02-03 23:52:10', '2022-02-03 23:52:10'),
(864, '7053', 'cite afh', 'bizerte', '2022-02-03 23:52:10', '2022-02-03 23:52:10'),
(865, '7001', 'ksiba', 'bizerte', '2022-02-03 23:52:10', '2022-02-03 23:52:10'),
(866, '7053', 'cite ain meriem', 'bizerte', '2022-02-03 23:52:10', '2022-02-03 23:52:10'),
(867, '7002', 'cite militaire', 'bizerte', '2022-02-03 23:52:10', '2022-02-03 23:52:10'),
(868, '7053', 'cite bougatfa 2', 'bizerte', '2022-02-03 23:52:10', '2022-02-03 23:52:10'),
(869, '7003', 'cite chourouk sidi salem', 'bizerte', '2022-02-03 23:52:10', '2022-02-03 23:52:10'),
(870, '7053', 'cite de la police', 'bizerte', '2022-02-03 23:52:10', '2022-02-03 23:52:10'),
(871, '7003', 'cite de la sante', 'bizerte', '2022-02-03 23:52:10', '2022-02-03 23:52:10'),
(872, '7064', 'bou zaria', 'bizerte', '2022-02-03 23:52:10', '2022-02-03 23:52:10'),
(873, '7071', 'bizerte hached', 'bizerte', '2022-02-03 23:52:10', '2022-02-03 23:52:10'),
(874, '7011', 'cite el mourouj', 'bizerte', '2022-02-03 23:52:10', '2022-02-03 23:52:10'),
(875, '7011', 'cite militaire', 'bizerte', '2022-02-03 23:52:10', '2022-02-03 23:52:10'),
(876, '7036', 'teskraya', 'bizerte', '2022-02-03 23:52:10', '2022-02-03 23:52:10'),
(877, '7011', 'la pecherie', 'bizerte', '2022-02-03 23:52:10', '2022-02-03 23:52:10'),
(878, '7027', 'methline', 'bizerte', '2022-02-03 23:52:10', '2022-02-03 23:52:10'),
(879, '7029', 'ain el berda', 'bizerte', '2022-02-03 23:52:10', '2022-02-03 23:52:10'),
(880, '7029', 'ain jenane', 'bizerte', '2022-02-03 23:52:10', '2022-02-03 23:52:10'),
(881, '7094', 'borj challouf', 'bizerte', '2022-02-03 23:52:10', '2022-02-03 23:52:10'),
(882, '7029', 'el mrazig', 'bizerte', '2022-02-03 23:52:10', '2022-02-03 23:52:10'),
(883, '7041', 'louata', 'bizerte', '2022-02-03 23:52:10', '2022-02-03 23:52:10'),
(884, '7081', 'ezzitoune', 'bizerte', '2022-02-03 23:52:10', '2022-02-03 23:52:10'),
(885, '7081', 'khetmine', 'bizerte', '2022-02-03 23:52:10', '2022-02-03 23:52:10'),
(886, '7093', 'sidi ali chebab', 'bizerte', '2022-02-03 23:52:10', '2022-02-03 23:52:10'),
(887, '7016', 'cite independance', 'bizerte', '2022-02-03 23:52:10', '2022-02-03 23:52:10'),
(888, '7016', 'el alia', 'bizerte', '2022-02-03 23:52:10', '2022-02-03 23:52:10'),
(889, '7016', 'el hariza', 'bizerte', '2022-02-03 23:52:10', '2022-02-03 23:52:10'),
(890, '7016', 'impasse ezzouhour', 'bizerte', '2022-02-03 23:52:10', '2022-02-03 23:52:10'),
(891, '7033', 'bajou', 'bizerte', '2022-02-03 23:52:10', '2022-02-03 23:52:10'),
(892, '7033', 'ghar el melh', 'bizerte', '2022-02-03 23:52:10', '2022-02-03 23:52:10'),
(893, '7024', 'touibia', 'bizerte', '2022-02-03 23:52:10', '2022-02-03 23:52:10'),
(894, '7024', 'zouaouine', 'bizerte', '2022-02-03 23:52:10', '2022-02-03 23:52:10'),
(895, '7014', 'cite 7 novembre', 'bizerte', '2022-02-03 23:52:10', '2022-02-03 23:52:10'),
(896, '7014', 'cite 9 avril', 'bizerte', '2022-02-03 23:52:10', '2022-02-03 23:52:10'),
(897, '7014', 'cite el amen', 'bizerte', '2022-02-03 23:52:10', '2022-02-03 23:52:10'),
(898, '7014', 'cite el mourouj', 'bizerte', '2022-02-03 23:52:10', '2022-02-03 23:52:10'),
(899, '7014', 'cite khaled ibn el walid', 'bizerte', '2022-02-03 23:52:10', '2022-02-03 23:52:10'),
(900, '7014', 'cite nouvelle', 'bizerte', '2022-02-03 23:52:10', '2022-02-03 23:52:10'),
(901, '7014', 'el aousja', 'bizerte', '2022-02-03 23:52:10', '2022-02-03 23:52:10'),
(902, '7040', 'ain rekoub', 'bizerte', '2022-02-03 23:52:10', '2022-02-03 23:52:10'),
(903, '7040', 'beni brahim', 'bizerte', '2022-02-03 23:52:10', '2022-02-03 23:52:10'),
(904, '7040', 'bou jrir', 'bizerte', '2022-02-03 23:52:10', '2022-02-03 23:52:10'),
(905, '7040', 'cite afh', 'bizerte', '2022-02-03 23:52:10', '2022-02-03 23:52:10'),
(906, '7040', 'cite borj deheb', 'bizerte', '2022-02-03 23:52:10', '2022-02-03 23:52:10'),
(907, '7040', 'cite rurale', 'bizerte', '2022-02-03 23:52:10', '2022-02-03 23:52:10'),
(908, '7040', 'cite snit', 'bizerte', '2022-02-03 23:52:10', '2022-02-03 23:52:10'),
(909, '7040', 'el atiba', 'bizerte', '2022-02-03 23:52:10', '2022-02-03 23:52:10'),
(910, '7040', 'el garia', 'bizerte', '2022-02-03 23:52:10', '2022-02-03 23:52:10'),
(911, '7040', 'el jafna', 'bizerte', '2022-02-03 23:52:10', '2022-02-03 23:52:10'),
(912, '7040', 'ghezala', 'bizerte', '2022-02-03 23:52:10', '2022-02-03 23:52:10'),
(913, '7040', 'henchir ettouila', 'bizerte', '2022-02-03 23:52:10', '2022-02-03 23:52:10'),
(914, '7040', 'laouilia', 'bizerte', '2022-02-03 23:52:10', '2022-02-03 23:52:10'),
(915, '7040', 'oued ezzitoun', 'bizerte', '2022-02-03 23:52:10', '2022-02-03 23:52:10'),
(916, '7040', 'ouled el may', 'bizerte', '2022-02-03 23:52:10', '2022-02-03 23:52:10'),
(917, '7021', 'cite erraja 2', 'bizerte', '2022-02-03 23:52:10', '2022-02-03 23:52:10'),
(918, '7021', 'cite erraja 3', 'bizerte', '2022-02-03 23:52:10', '2022-02-03 23:52:10'),
(919, '7021', 'cite errimel', 'bizerte', '2022-02-03 23:52:10', '2022-02-03 23:52:10'),
(920, '7021', 'cite errsass', 'bizerte', '2022-02-03 23:52:10', '2022-02-03 23:52:10'),
(921, '7021', 'cite escaliers', 'bizerte', '2022-02-03 23:52:10', '2022-02-03 23:52:10'),
(922, '7021', 'cite essadaka', 'bizerte', '2022-02-03 23:52:10', '2022-02-03 23:52:10'),
(923, '7021', 'cite gabsi', 'bizerte', '2022-02-03 23:52:10', '2022-02-03 23:52:10'),
(924, '7021', 'cite hamdoun', 'bizerte', '2022-02-03 23:52:10', '2022-02-03 23:52:10'),
(925, '7021', 'cite jaziri', 'bizerte', '2022-02-03 23:52:10', '2022-02-03 23:52:10'),
(926, '7021', 'cite lune', 'bizerte', '2022-02-03 23:52:10', '2022-02-03 23:52:10'),
(927, '7021', 'cite mohamed chehimi', 'bizerte', '2022-02-03 23:52:10', '2022-02-03 23:52:10'),
(928, '7021', 'cite nouvelle', 'bizerte', '2022-02-03 23:52:10', '2022-02-03 23:52:10'),
(929, '7021', 'jarzouna', 'bizerte', '2022-02-03 23:52:10', '2022-02-03 23:52:10'),
(930, '7021', 'cite ben arous', 'bizerte', '2022-02-03 23:52:10', '2022-02-03 23:52:10'),
(931, '7021', 'cite bouchoucha 2', 'bizerte', '2022-02-03 23:52:10', '2022-02-03 23:52:10'),
(932, '7021', 'cite calyptus', 'bizerte', '2022-02-03 23:52:10', '2022-02-03 23:52:10'),
(933, '7021', 'cite du soleil', 'bizerte', '2022-02-03 23:52:10', '2022-02-03 23:52:10'),
(934, '7021', 'cite ennacim', 'bizerte', '2022-02-03 23:52:10', '2022-02-03 23:52:10'),
(935, '7021', 'cite erraja 1', 'bizerte', '2022-02-03 23:52:10', '2022-02-03 23:52:10'),
(936, '7012', 'bazina', 'bizerte', '2022-02-03 23:52:10', '2022-02-03 23:52:10'),
(937, '7020', 'joumine', 'bizerte', '2022-02-03 23:52:10', '2022-02-03 23:52:10'),
(938, '7020', 'sayah', 'bizerte', '2022-02-03 23:52:10', '2022-02-03 23:52:10'),
(939, '7020', 'smadah', 'bizerte', '2022-02-03 23:52:10', '2022-02-03 23:52:10'),
(940, '7030', 'jebel ichkeul', 'bizerte', '2022-02-03 23:52:10', '2022-02-03 23:52:10'),
(941, '7030', 'mateur', 'bizerte', '2022-02-03 23:52:10', '2022-02-03 23:52:10'),
(942, '7030', 'sidi mansour', 'bizerte', '2022-02-03 23:52:10', '2022-02-03 23:52:10'),
(943, '7030', 'sidi nsir', 'bizerte', '2022-02-03 23:52:10', '2022-02-03 23:52:10'),
(944, '7030', 'souidia', 'bizerte', '2022-02-03 23:52:10', '2022-02-03 23:52:10'),
(945, '7030', 'tehent', 'bizerte', '2022-02-03 23:52:10', '2022-02-03 23:52:10'),
(946, '7022', 'borj el adouani', 'bizerte', '2022-02-03 23:52:10', '2022-02-03 23:52:10'),
(947, '7022', 'cite hached', 'bizerte', '2022-02-03 23:52:10', '2022-02-03 23:52:10'),
(948, '7022', 'ettaref', 'bizerte', '2022-02-03 23:52:10', '2022-02-03 23:52:10'),
(949, '7022', 'henchir el kahla', 'bizerte', '2022-02-03 23:52:10', '2022-02-03 23:52:10'),
(950, '7022', 'jabouz', 'bizerte', '2022-02-03 23:52:10', '2022-02-03 23:52:10'),
(951, '7022', 'mateur hached', 'bizerte', '2022-02-03 23:52:10', '2022-02-03 23:52:10'),
(952, '7022', 'oum jenna', 'bizerte', '2022-02-03 23:52:10', '2022-02-03 23:52:10'),
(953, '7022', 'sidi salem', 'bizerte', '2022-02-03 23:52:10', '2022-02-03 23:52:10'),
(954, '7030', 'cite de la fraternite', 'bizerte', '2022-02-03 23:52:10', '2022-02-03 23:52:10'),
(955, '7030', 'cite de la gare', 'bizerte', '2022-02-03 23:52:10', '2022-02-03 23:52:10'),
(956, '7030', 'cite el manar', 'bizerte', '2022-02-03 23:52:10', '2022-02-03 23:52:10'),
(957, '7030', 'cite el omrane 1', 'bizerte', '2022-02-03 23:52:10', '2022-02-03 23:52:10'),
(958, '7030', 'cite el omrane 2', 'bizerte', '2022-02-03 23:52:10', '2022-02-03 23:52:10'),
(959, '7030', 'cite el omrane 3', 'bizerte', '2022-02-03 23:52:10', '2022-02-03 23:52:10'),
(960, '7030', 'cite el omrane 4', 'bizerte', '2022-02-03 23:52:10', '2022-02-03 23:52:10'),
(961, '7050', 'henchir el berna', 'bizerte', '2022-02-03 23:52:10', '2022-02-03 23:52:10'),
(962, '7030', 'cite ennahdha', 'bizerte', '2022-02-03 23:52:10', '2022-02-03 23:52:10'),
(963, '7030', 'cite ennasr', 'bizerte', '2022-02-03 23:52:10', '2022-02-03 23:52:10'),
(964, '7030', 'cite erraja 1', 'bizerte', '2022-02-03 23:52:10', '2022-02-03 23:52:10'),
(965, '7030', 'cite erraja 2', 'bizerte', '2022-02-03 23:52:10', '2022-02-03 23:52:10'),
(966, '7030', 'cite erraja 3', 'bizerte', '2022-02-03 23:52:10', '2022-02-03 23:52:10'),
(967, '7030', 'cite essadaka', 'bizerte', '2022-02-03 23:52:10', '2022-02-03 23:52:10'),
(968, '7030', 'cite ezzouhour', 'bizerte', '2022-02-03 23:52:10', '2022-02-03 23:52:10'),
(969, '7030', 'cite khemouma', 'bizerte', '2022-02-03 23:52:10', '2022-02-03 23:52:10'),
(970, '7030', 'cite montazah', 'bizerte', '2022-02-03 23:52:10', '2022-02-03 23:52:10'),
(971, '7030', 'cite snit', 'bizerte', '2022-02-03 23:52:10', '2022-02-03 23:52:10'),
(972, '7030', 'cite zarrouk', 'bizerte', '2022-02-03 23:52:10', '2022-02-03 23:52:10'),
(973, '7030', 'el aouana', 'bizerte', '2022-02-03 23:52:10', '2022-02-03 23:52:10'),
(974, '7072', 'menzel bourguiba ennajah', 'bizerte', '2022-02-03 23:52:10', '2022-02-03 23:52:10'),
(975, '7042', 'jouaouda', 'bizerte', '2022-02-03 23:52:10', '2022-02-03 23:52:10'),
(976, '7050', 'cite ben aleya', 'bizerte', '2022-02-03 23:52:10', '2022-02-03 23:52:10'),
(977, '7050', 'cite de la douane', 'bizerte', '2022-02-03 23:52:10', '2022-02-03 23:52:10'),
(978, '7050', 'cite la ruche', 'bizerte', '2022-02-03 23:52:10', '2022-02-03 23:52:10'),
(979, '7050', 'cite nouvelle', 'bizerte', '2022-02-03 23:52:10', '2022-02-03 23:52:10'),
(980, '7050', 'cite sidi yahya', 'bizerte', '2022-02-03 23:52:10', '2022-02-03 23:52:10'),
(981, '7050', 'menzel bourguiba', 'bizerte', '2022-02-03 23:52:10', '2022-02-03 23:52:10'),
(982, '7035', 'cite bir hmem', 'bizerte', '2022-02-03 23:52:10', '2022-02-03 23:52:10'),
(983, '7035', 'cite chamelle', 'bizerte', '2022-02-03 23:52:10', '2022-02-03 23:52:10'),
(984, '7035', 'cite driss ben frej', 'bizerte', '2022-02-03 23:52:10', '2022-02-03 23:52:10'),
(985, '7035', 'cite el makarem', 'bizerte', '2022-02-03 23:52:10', '2022-02-03 23:52:10'),
(986, '7035', 'cite ettahrir', 'bizerte', '2022-02-03 23:52:10', '2022-02-03 23:52:10'),
(987, '7026', 'cite 7 novembre', 'bizerte', '2022-02-03 23:52:10', '2022-02-03 23:52:10'),
(988, '7035', 'cite ettakaddoum', 'bizerte', '2022-02-03 23:52:10', '2022-02-03 23:52:10'),
(989, '7080', 'cite bir remel', 'bizerte', '2022-02-03 23:52:10', '2022-02-03 23:52:10'),
(990, '7026', 'cite des oranges', 'bizerte', '2022-02-03 23:52:10', '2022-02-03 23:52:10'),
(991, '7035', 'cite independance', 'bizerte', '2022-02-03 23:52:10', '2022-02-03 23:52:10'),
(992, '7080', 'cite el ahlem', 'bizerte', '2022-02-03 23:52:10', '2022-02-03 23:52:10'),
(993, '7026', 'cite el habib (el azib)', 'bizerte', '2022-02-03 23:52:10', '2022-02-03 23:52:10'),
(994, '7035', 'el ain el kebira', 'bizerte', '2022-02-03 23:52:10', '2022-02-03 23:52:10'),
(995, '7080', 'cite el baali', 'bizerte', '2022-02-03 23:52:10', '2022-02-03 23:52:10'),
(996, '7026', 'cite rurale 1', 'bizerte', '2022-02-03 23:52:10', '2022-02-03 23:52:10'),
(997, '7035', 'menzel abderrahman', 'bizerte', '2022-02-03 23:52:10', '2022-02-03 23:52:10'),
(998, '7080', 'cite el batan', 'bizerte', '2022-02-03 23:52:10', '2022-02-03 23:52:10'),
(999, '7026', 'cite rurale 2', 'bizerte', '2022-02-03 23:52:10', '2022-02-03 23:52:10'),
(1000, '7080', 'cite el habib (menzel jemil)', 'bizerte', '2022-02-03 23:52:10', '2022-02-03 23:52:10');



CREATE TABLE ordered_details (
  reservation_id INT NOT NULL,
  service_details_id INT NOT NULL,
  ordered_date TIMESTAMP NOT NULL DEFAULT CURRENT_TIMESTAMP,
  created_at TIMESTAMP NOT NULL DEFAULT CURRENT_TIMESTAMP,
  updated_at TIMESTAMP NOT NULL DEFAULT CURRENT_TIMESTAMP ON UPDATE CURRENT_TIMESTAMP
);

INSERT INTO ordered_details (reservation_id, service_details_id, ordered_date, created_at, updated_at) VALUES
(1, 1, '2022-02-03 23:52:28', '2022-02-03 23:52:28', '2022-02-03 23:52:28'),
(1, 3, '2022-02-03 23:52:28', '2022-02-03 23:52:28', '2022-02-03 23:52:28'),
(2, 8, '2022-02-03 23:52:28', '2022-02-03 23:52:28', '2022-02-03 23:52:28'),
(3, 13, '2022-02-03 23:52:28', '2022-02-03 23:52:28', '2022-02-03 23:52:28'),
(4, 4, '2022-02-03 23:52:28', '2022-02-03 23:52:28', '2022-02-03 23:52:28'),
(4, 5, '2022-02-03 23:52:28', '2022-02-03 23:52:28', '2022-02-03 23:52:28'),
(5, 4, '2022-02-03 23:52:28', '2022-02-03 23:52:28', '2022-02-03 23:52:28'),
(6, 10, '2022-02-03 23:52:28', '2022-02-03 23:52:28', '2022-02-03 23:52:28'),
(6, 11, '2022-02-03 23:52:28', '2022-02-03 23:52:28', '2022-02-03 23:52:28'),
(6, 12, '2022-02-03 23:52:28', '2022-02-03 23:52:28', '2022-02-03 23:52:28'),
(7, 5, '2022-02-03 23:52:28', '2022-02-03 23:52:28', '2022-02-03 23:52:28'),
(8, 2, '2022-02-03 23:52:28', '2022-02-03 23:52:28', '2022-02-03 23:52:28');



CREATE TABLE ratings (
  employee_id INT NOT NULL,
  customer_id INT NOT NULL,
  rate_date TIMESTAMP NOT NULL DEFAULT CURRENT_TIMESTAMP,
  rate decimal(2,1) NOT NULL,
  rate_description VARCHAR(255) DEFAULT NULL,
  created_at TIMESTAMP NOT NULL DEFAULT CURRENT_TIMESTAMP,
  updated_at TIMESTAMP NOT NULL DEFAULT CURRENT_TIMESTAMP ON UPDATE CURRENT_TIMESTAMP
);

INSERT INTO ratings (employee_id, customer_id, rate_date, rate, rate_description, created_at, updated_at) VALUES
(1, 10, '2022-02-03 23:52:22', '4.5', 'excellent', '2022-02-03 23:52:22', '2022-02-03 23:52:22'),
(2, 9, '2022-02-03 23:52:22', '3.0', 'very well', '2022-02-03 23:52:22', '2022-02-03 23:52:22'),
(3, 9, '2011-03-20 15:50:09', '3.3', 'very well**', '2022-02-03 23:52:22', '2022-02-03 23:52:22'),
(3, 9, '2020-11-26 12:50:09', '4.3', 'excellent**', '2022-02-03 23:52:22', '2022-02-03 23:52:22'),
(3, 9, '2022-02-03 23:52:22', '4.0', 'excellent', '2022-02-03 23:52:22', '2022-02-03 23:52:22'),
(3, 9, '2022-04-10 20:50:09', '2.0', 'good**', '2022-02-03 23:52:22', '2022-02-03 23:52:22'),
(4, 6, '2022-02-03 23:52:22', '0.0', 'kertha!!', '2022-02-03 23:52:22', '2022-02-03 23:52:22'),
(4, 7, '2022-02-03 23:52:22', '3.0', NULL, '2022-02-03 23:52:22', '2022-02-03 23:52:22'),
(5, 6, '2009-07-11 15:50:09', '2.0', 'msiba', '2022-02-03 23:52:22', '2022-02-03 23:52:22'),
(5, 6, '2022-02-03 23:52:22', '2.0', '7mouumm', '2022-02-03 23:52:22', '2022-02-03 23:52:22');



CREATE TABLE reservations (
  id INT NOT NULL,
  code VARCHAR(255) NOT NULL,
  description VARCHAR(255) DEFAULT NULL,
  start_date TIMESTAMP NOT NULL DEFAULT CURRENT_TIMESTAMP,
  status VARCHAR(255) NOT NULL DEFAULT 'NOT_STARTED',
  customer_id INT NOT NULL,
  created_at TIMESTAMP NOT NULL DEFAULT CURRENT_TIMESTAMP,
  updated_at TIMESTAMP NOT NULL DEFAULT CURRENT_TIMESTAMP ON UPDATE CURRENT_TIMESTAMP
);

INSERT INTO reservations (id, code, description, start_date, status, customer_id, created_at, updated_at) VALUES
(1, '86d1523e-2788-4ef0-8849-fe26c396360b', 'ASAP', '2022-02-03 23:52:24', 'NOT_STARTED', 5, '2022-02-03 23:52:24', '2022-02-03 23:52:24'),
(2, 'd31cfc5c-fd55-4887-9b8c-951a42f5b00d', 'done!!', '2022-02-03 23:52:24', 'COMPLETED', 6, '2022-02-03 23:52:24', '2022-02-03 23:52:24'),
(3, '6276666a-eff5-43fa-aadf-cf7f5cda1da9', NULL, '2022-02-03 23:52:24', 'IN_PROGRESS', 1, '2022-02-03 23:52:24', '2022-02-03 23:52:24'),
(4, 'a70f1e5a-9b6a-41e1-aad4-79ba78610a4b', 'on going!!', '2022-02-03 23:52:24', 'IN_PROGRESS', 1, '2022-02-03 23:52:24', '2022-02-03 23:52:24'),
(5, '566996bf-179f-4db5-960e-e0351babd194', 'done', '2022-02-03 23:52:24', 'COMPLETED', 5, '2022-02-03 23:52:24', '2022-02-03 23:52:24'),
(6, 'd0f37d34-8608-4127-b704-2d2a21386f18', NULL, '2022-02-03 23:52:24', 'NOT_STARTED', 3, '2022-02-03 23:52:24', '2022-02-03 23:52:24'),
(7, '81bc3955-a57b-4c62-96cd-2d2e0194bc99', 'ASAP', '2022-02-03 23:52:24', 'IN_PROGRESS', 4, '2022-02-03 23:52:24', '2022-02-03 23:52:24'),
(8, '29d51409-720b-4e38-a9f1-5eb8e81dd079', NULL, '2022-02-03 23:52:24', 'COMPLETED', 8, '2022-02-03 23:52:24', '2022-02-03 23:52:24');



CREATE TABLE saloons (
  id INT NOT NULL,
  code VARCHAR(255) NOT NULL,
  name VARCHAR(255) NOT NULL,
  is_primary tinyINT(1) NOT NULL DEFAULT '0',
  opening_date DATE DEFAULT NULL,
  full_adr VARCHAR(255) DEFAULT NULL,
  email VARCHAR(255) DEFAULT '@gmail.com',
  location_id INT NOT NULL,
  created_at TIMESTAMP NOT NULL DEFAULT CURRENT_TIMESTAMP,
  updated_at TIMESTAMP NOT NULL DEFAULT CURRENT_TIMESTAMP ON UPDATE CURRENT_TIMESTAMP
);

INSERT INTO saloons (id, code, name, is_primary, opening_date, full_adr, email, location_id, created_at, updated_at) VALUES
(1, '290a9852-ee40-46d0-9979-c3493c0de833', 'salon hama', 1, '2019-04-15', 'cite ettadhamen, ariana', '@gmail.com', 40, '2022-02-03 23:52:13', '2022-02-03 23:52:13'),
(2, '0d62048e-a5f0-460f-b72a-ddbcd0cff4d3', 'salon mokhtar', 1, '2020-02-01', 'el menzah 5, ariana', '@gmail.com', 22, '2022-02-03 23:52:13', '2022-02-03 23:52:13'),
(3, '139d3a04-2cc1-42bb-b0b7-011d80d87ff4', 'salon arbi', 1, '2008-04-27', 'cite el hana, beja', '@gmail.com', 364, '2022-02-03 23:52:13', '2022-02-03 23:52:13'),
(4, '290a9852-ee40-46d0-9979-c3493c0de833', 'salon hama$$^', 0, '2019-05-11', 'cite ettayarene, ariana', '@gmail.com', 41, '2022-02-03 23:52:13', '2022-02-03 23:52:13'),
(5, '139d3a04-2cc1-42bb-b0b7-011d80d87ff4', 'salon elarbi$$', 0, '2010-04-15', 'cite ennacim, beja', '@gmail.com', 444, '2022-02-03 23:52:13', '2022-02-03 23:52:13'),
(6, '290a9852-ee40-46d0-9979-c3493c0de833', 'salon hama$$', 0, '2019-08-20', 'cite ennasser, ariana', '@gmail.com', 39, '2022-02-03 23:52:13', '2022-02-03 23:52:13'),
(7, '4df69b62-9151-4a00-9bd9-d245c13a9cef', 'Violette', 1, '2005-02-15', 'cite ettadhamen, ariana', '@gmail.com', 40, '2022-02-03 23:52:13', '2022-02-03 23:52:13'),
(8, '139d3a04-2cc1-42bb-b0b7-011d80d87ff4', 'salon alarbi*', 0, '2011-09-06', 'cite el ahmadi, benArous', '@gmail.com', 530, '2022-02-03 23:52:13', '2022-02-03 23:52:13'),
(9, '0d62048e-a5f0-460f-b72a-ddbcd0cff4d3', 'salon mokhtar', 0, '2019-04-15', 'cite ettadhamen, ariana', '@gmail.com', 40, '2022-02-03 23:52:13', '2022-02-03 23:52:13'),
(10, '139d3a04-2cc1-42bb-b0b7-011d80d87ff4', 'arbii', 0, '2013-12-15', 'cite el mouna, ben arouss', '@gmail.com', 541, '2022-02-03 23:52:13', '2022-02-03 23:52:13');



CREATE TABLE saloon_images (
  id INT NOT NULL,
  image_lob blob,
  saloon_id INT NOT NULL,
  created_at TIMESTAMP NOT NULL DEFAULT CURRENT_TIMESTAMP,
  updated_at TIMESTAMP NOT NULL DEFAULT CURRENT_TIMESTAMP ON UPDATE CURRENT_TIMESTAMP
);

INSERT INTO saloon_images (id, image_lob, saloon_id, created_at, updated_at) VALUES
(1, NULL, 7, '2022-02-03 23:52:14', '2022-02-03 23:52:14'),
(2, NULL, 3, '2022-02-03 23:52:14', '2022-02-03 23:52:14'),
(3, NULL, 1, '2022-02-03 23:52:14', '2022-02-03 23:52:14'),
(4, NULL, 5, '2022-02-03 23:52:14', '2022-02-03 23:52:14'),
(5, NULL, 10, '2022-02-03 23:52:14', '2022-02-03 23:52:14'),
(6, NULL, 9, '2022-02-03 23:52:14', '2022-02-03 23:52:14'),
(7, NULL, 2, '2022-02-03 23:52:14', '2022-02-03 23:52:14');



CREATE TABLE saloon_tags (
  saloon_id INT NOT NULL,
  tag_id INT NOT NULL,
  tagged_date TIMESTAMP NOT NULL DEFAULT CURRENT_TIMESTAMP,
  created_at TIMESTAMP NOT NULL DEFAULT CURRENT_TIMESTAMP,
  updated_at TIMESTAMP NOT NULL DEFAULT CURRENT_TIMESTAMP ON UPDATE CURRENT_TIMESTAMP
);

INSERT INTO saloon_tags (saloon_id, tag_id, tagged_date, created_at, updated_at) VALUES
(1, 1, '2022-02-03 23:52:12', '2022-02-03 23:52:12', '2022-02-03 23:52:12'),
(1, 2, '2022-02-03 23:52:12', '2022-02-03 23:52:12', '2022-02-03 23:52:12'),
(2, 1, '2022-02-03 23:52:12', '2022-02-03 23:52:12', '2022-02-03 23:52:12'),
(2, 2, '2022-02-03 23:52:12', '2022-02-03 23:52:12', '2022-02-03 23:52:12'),
(3, 2, '2022-02-03 23:52:12', '2022-02-03 23:52:12', '2022-02-03 23:52:12'),
(4, 1, '2022-02-03 23:52:12', '2022-02-03 23:52:12', '2022-02-03 23:52:12'),
(4, 2, '2022-02-03 23:52:12', '2022-02-03 23:52:12', '2022-02-03 23:52:12'),
(5, 1, '2022-02-03 23:52:12', '2022-02-03 23:52:12', '2022-02-03 23:52:12'),
(6, 1, '2022-02-03 23:52:12', '2022-02-03 23:52:12', '2022-02-03 23:52:12'),
(7, 1, '2022-02-03 23:52:12', '2022-02-03 23:52:12', '2022-02-03 23:52:12'),
(8, 2, '2022-02-03 23:52:12', '2022-02-03 23:52:12', '2022-02-03 23:52:12'),
(9, 1, '2022-02-03 23:52:12', '2022-02-03 23:52:12', '2022-02-03 23:52:12'),
(10, 1, '2022-02-03 23:52:12', '2022-02-03 23:52:12', '2022-02-03 23:52:12');



CREATE TABLE service_details (
  id INT NOT NULL,
  name VARCHAR(255) DEFAULT NULL,
  description VARCHAR(255) DEFAULT NULL,
  is_available BOOLEAN DEFAULT true,
  duration INT DEFAULT '15',
  price_unit decimal(6,3) DEFAULT NULL,
  category_id INT NOT NULL,
  created_at TIMESTAMP NOT NULL DEFAULT CURRENT_TIMESTAMP,
  updated_at TIMESTAMP NOT NULL DEFAULT CURRENT_TIMESTAMP ON UPDATE CURRENT_TIMESTAMP
);

INSERT INTO service_details (id, name, description, is_available, duration, price_unit, category_id, created_at, updated_at) VALUES
(1, 'coupe courte', 'a quick and tiny haircut;', 1, 15, '10.000', 1, '2022-02-03 23:52:26', '2022-02-03 23:52:26'),
(2, 'coupe tres courte', 'coupe avec tendeuse w makinet;;', 1, 15, '15.000', 1, '2022-02-03 23:52:26', '2022-02-03 23:52:26'),
(3, 'shampoing + sechage cheveux courts', 'm3aha talya shampoing w m3aha chaye7 rasek;', 1, 10, '5.000', 2, '2022-02-03 23:52:26', '2022-02-03 23:52:26'),
(4, 'shampoing + brushing cheveux courts', NULL, 1, 30, '30.000', 3, '2022-02-03 23:52:26', '2022-02-03 23:52:26'),
(5, 'shampoing + brushing cheveux longs', NULL, 1, 30, '30.500', 3, '2022-02-03 23:52:26', '2022-02-03 23:52:26'),
(6, 'coupe courte', 'a quick and tiny haircut;', 1, 15, '10.000', 4, '2022-02-03 23:52:26', '2022-02-03 23:52:26'),
(7, 'coupe tres courte', 'coupe avec tendeuse w makinet;;', 1, 15, '15.000', 4, '2022-02-03 23:52:26', '2022-02-03 23:52:26'),
(8, 'shampoing + sechage cheveux courts', 'm3aha talya shampoing w m3aha chaye7 rasek;', 1, 10, '5.000', 5, '2022-02-03 23:52:26', '2022-02-03 23:52:26'),
(9, 'shampoing + sechage cheveux longs', 'm3aha talya shampoing w m3aha chaye7 rasek;', 1, 10, '5.500', 5, '2022-02-03 23:52:26', '2022-02-03 23:52:26'),
(10, 'shampoing + brushing cheveux courts', NULL, 1, 30, '30.000', 6, '2022-02-03 23:52:26', '2022-02-03 23:52:26'),
(11, 'shampoing + brushing cheveux longs', NULL, 1, 30, '30.500', 6, '2022-02-03 23:52:26', '2022-02-03 23:52:26'),
(12, 'shampoing + brushing cheveux tres longs', NULL, 1, 30, '40.000', 6, '2022-02-03 23:52:26', '2022-02-03 23:52:26'),
(13, 'coupe courte', 'a quick and tiny haircut;', 1, 15, '10.000', 7, '2022-02-03 23:52:26', '2022-02-03 23:52:26'),
(14, 'coupe tres courte', 'coupe avec tendeuse w makinet;;', 1, 15, '15.000', 7, '2022-02-03 23:52:26', '2022-02-03 23:52:26'),
(15, 'shampoing + sechage cheveux courts', 'm3aha talya shampoing w m3aha chaye7 rasek;', 1, 10, '5.000', 8, '2022-02-03 23:52:26', '2022-02-03 23:52:26'),
(16, 'shampoing + brushing cheveux courts', NULL, 1, 30, '30.000', 9, '2022-02-03 23:52:26', '2022-02-03 23:52:26');



CREATE TABLE tags (
  id INT NOT NULL,
  name VARCHAR(255) DEFAULT NULL,
  description VARCHAR(255) DEFAULT NULL,
  created_at TIMESTAMP NOT NULL DEFAULT CURRENT_TIMESTAMP,
  updated_at TIMESTAMP NOT NULL DEFAULT CURRENT_TIMESTAMP ON UPDATE CURRENT_TIMESTAMP
);

INSERT INTO tags (id, name, description, created_at, updated_at) VALUES
(1, 'barber', NULL, '2022-02-03 23:52:11', '2022-02-03 23:52:11'),
(2, 'manicure', NULL, '2022-02-03 23:52:11', '2022-02-03 23:52:11');



CREATE TABLE user_images (
  id INT NOT NULL,
  image_lob blob,
  created_at TIMESTAMP NOT NULL DEFAULT CURRENT_TIMESTAMP,
  updated_at TIMESTAMP NOT NULL DEFAULT CURRENT_TIMESTAMP ON UPDATE CURRENT_TIMESTAMP
);

CREATE TABLE verification_tokens (
  id INT NOT NULL,
  token VARCHAR(255) DEFAULT NULL,
  expire_date TIMESTAMP NULL DEFAULT NULL,
  credential_id INT NOT NULL,
  created_at TIMESTAMP NOT NULL DEFAULT CURRENT_TIMESTAMP,
  updated_at TIMESTAMP NOT NULL DEFAULT CURRENT_TIMESTAMP ON UPDATE CURRENT_TIMESTAMP
);

INSERT INTO verification_tokens (id, token, expire_date, credential_id, created_at, updated_at) VALUES
(1, 'c856b457-ed66-4dd4-bc1a-f0be552a28e5', '2023-11-26 10:50:09', 20, '2022-02-03 23:52:19', '2022-02-03 23:52:19'),
(2, 'abd4ce90-09b6-4fd5-97a4-4ea34b912f4c', '2023-11-26 10:50:09', 19, '2022-02-03 23:52:19', '2022-02-03 23:52:19'),
(3, '2301b332-a429-43cf-9faf-bebb5835e9ce', '2023-11-26 10:50:09', 18, '2022-02-03 23:52:19', '2022-02-03 23:52:19'),
(4, 'a25eb48c-54db-4291-9391-d26fbd6d1e80', '2023-11-26 10:50:09', 17, '2022-02-03 23:52:19', '2022-02-03 23:52:19'),
(5, '46b670f6-39ef-441f-a8b7-183cf7649307', '2023-11-26 10:50:09', 16, '2022-02-03 23:52:19', '2022-02-03 23:52:19'),
(6, 'd92eaf1a-d2d2-49df-ad39-8c72f8385086', '2023-11-26 10:50:09', 15, '2022-02-03 23:52:19', '2022-02-03 23:52:19'),
(7, 'f597e921-0b97-4894-b945-c3dbdfe21305', '2023-11-26 10:50:09', 14, '2022-02-03 23:52:19', '2022-02-03 23:52:19'),
(8, 'b3288ea7-405e-4c18-812f-2ffcf59521a0', '2023-11-26 10:50:09', 13, '2022-02-03 23:52:19', '2022-02-03 23:52:19'),
(9, '30cdb05d-2df6-4700-8eb4-0bbf67e76870', '2023-11-26 10:50:09', 12, '2022-02-03 23:52:19', '2022-02-03 23:52:19'),
(10, '72a2b5cf-3433-4cdf-ab97-536fa68b7190', '2023-11-26 10:50:09', 11, '2022-02-03 23:52:19', '2022-02-03 23:52:19'),
(11, 'bf82fa26-99a4-471e-9dc0-80ad9d0702d9', '2023-11-26 10:50:09', 10, '2022-02-03 23:52:19', '2022-02-03 23:52:19'),
(12, 'c9822198-a20c-455f-a256-bba859640c98', '2023-11-26 10:50:09', 9, '2022-02-03 23:52:19', '2022-02-03 23:52:19'),
(13, '02260975-3755-4c3e-b1c9-c4a6879dac6e', '2023-11-26 10:50:09', 8, '2022-02-03 23:52:19', '2022-02-03 23:52:19'),
(14, '44a0827d-7603-410b-a542-4c7a05ac3444', '2023-11-26 10:50:09', 7, '2022-02-03 23:52:19', '2022-02-03 23:52:19'),
(15, 'fc3aab4e-771a-4137-ba4b-de6cf420bfdd', '2023-11-26 10:50:09', 6, '2022-02-03 23:52:19', '2022-02-03 23:52:19'),
(16, '83466ec2-12b9-4027-9c0d-7f0503061144', '2023-11-26 10:50:09', 5, '2022-02-03 23:52:19', '2022-02-03 23:52:19'),
(17, 'b850d58f-52d5-414d-bae6-536ac1c6ad31', '2023-11-26 10:50:09', 4, '2022-02-03 23:52:19', '2022-02-03 23:52:19'),
(18, 'aa4b3e42-3caa-4874-89d1-7d7334de87c3', '2023-11-26 10:50:09', 3, '2022-02-03 23:52:19', '2022-02-03 23:52:19'),
(19, 'c59a127d-2563-4405-b9bb-b21d0ab6b2a4', '2023-11-26 10:50:09', 2, '2022-02-03 23:52:19', '2022-02-03 23:52:19'),
(20, '1676d0c0-287e-423f-9aa7-752fc3197e6c', '2023-11-26 10:50:09', 1, '2022-02-03 23:52:19', '2022-02-03 23:52:19');



ALTER TABLE categories
  ADD PRIMARY KEY (id),
  ADD KEY fk11_assign (parent_category_id),
  ADD KEY fk12_assign (saloon_id);

ALTER TABLE credentials
  ADD PRIMARY KEY (id);

ALTER TABLE customers
  ADD PRIMARY KEY (id),
  ADD KEY fk2_assign (credential_id),
  ADD KEY fk3_assign (user_images_id);

ALTER TABLE employees
  ADD PRIMARY KEY (id),
  ADD KEY fk4_assign (user_images_id),
  ADD KEY fk5_assign (manager_id),
  ADD KEY fk6_assign (credential_id),
  ADD KEY fk7_assign (saloon_id);

ALTER TABLE favourites
  ADD PRIMARY KEY (customer_id,saloon_id),
  ADD KEY fk18_assign (saloon_id);

ALTER TABLE flyway_schema_history
  ADD PRIMARY KEY (installed_rank),
  ADD KEY flyway_schema_history_s_idx (success);

ALTER TABLE locations
  ADD PRIMARY KEY (id);

ALTER TABLE ordered_details
  ADD PRIMARY KEY (reservation_id,service_details_id,ordered_date),
  ADD KEY fk15_assign (service_details_id);

ALTER TABLE ratings
  ADD PRIMARY KEY (employee_id,customer_id,rate_date),
  ADD KEY fk9_assign (customer_id);

ALTER TABLE reservations
  ADD PRIMARY KEY (id),
  ADD KEY fk10_assign (customer_id);

ALTER TABLE saloons
  ADD PRIMARY KEY (id),
  ADD KEY fk16_assign (location_id);

ALTER TABLE saloon_images
  ADD PRIMARY KEY (id),
  ADD KEY fk19_assign (saloon_id);

ALTER TABLE saloon_tags
  ADD PRIMARY KEY (saloon_id,tag_id),
  ADD KEY fk21_assign (tag_id);

ALTER TABLE service_details
  ADD PRIMARY KEY (id),
  ADD KEY fk13_assign (category_id);

ALTER TABLE tags
  ADD PRIMARY KEY (id);

ALTER TABLE user_images
  ADD PRIMARY KEY (id);

ALTER TABLE verification_tokens
  ADD PRIMARY KEY (id),
  ADD KEY fk1_assign (credential_id);



ALTER TABLE categories
  MODIFY id INT NOT NULL AUTO_INCREMENT, AUTO_INCREMENT=31;

ALTER TABLE credentials
  MODIFY id INT NOT NULL AUTO_INCREMENT, AUTO_INCREMENT=21;

ALTER TABLE customers
  MODIFY id INT NOT NULL AUTO_INCREMENT, AUTO_INCREMENT=11;

ALTER TABLE employees
  MODIFY id INT NOT NULL AUTO_INCREMENT, AUTO_INCREMENT=11;

ALTER TABLE locations
  MODIFY id INT NOT NULL AUTO_INCREMENT, AUTO_INCREMENT=1001;

ALTER TABLE reservations
  MODIFY id INT NOT NULL AUTO_INCREMENT, AUTO_INCREMENT=9;

ALTER TABLE saloons
  MODIFY id INT NOT NULL AUTO_INCREMENT, AUTO_INCREMENT=11;

ALTER TABLE saloon_images
  MODIFY id INT NOT NULL AUTO_INCREMENT, AUTO_INCREMENT=8;

ALTER TABLE service_details
  MODIFY id INT NOT NULL AUTO_INCREMENT, AUTO_INCREMENT=17;

ALTER TABLE tags
  MODIFY id INT NOT NULL AUTO_INCREMENT, AUTO_INCREMENT=3;

ALTER TABLE user_images
  MODIFY id INT NOT NULL AUTO_INCREMENT;

ALTER TABLE verification_tokens
  MODIFY id INT NOT NULL AUTO_INCREMENT, AUTO_INCREMENT=21;



ALTER TABLE categories
  ADD CONSTRAINT fk11_assign FOREIGN KEY (parent_category_id) REFERENCES categories (id),
  ADD CONSTRAINT fk12_assign FOREIGN KEY (saloon_id) REFERENCES saloons (id);

ALTER TABLE customers
  ADD CONSTRAINT fk2_assign FOREIGN KEY (credential_id) REFERENCES credentials (id),
  ADD CONSTRAINT fk3_assign FOREIGN KEY (user_images_id) REFERENCES user_images (id);

ALTER TABLE employees
  ADD CONSTRAINT fk4_assign FOREIGN KEY (user_images_id) REFERENCES user_images (id),
  ADD CONSTRAINT fk5_assign FOREIGN KEY (manager_id) REFERENCES employees (id),
  ADD CONSTRAINT fk6_assign FOREIGN KEY (credential_id) REFERENCES credentials (id),
  ADD CONSTRAINT fk7_assign FOREIGN KEY (saloon_id) REFERENCES saloons (id);

ALTER TABLE favourites
  ADD CONSTRAINT fk17_assign FOREIGN KEY (customer_id) REFERENCES customers (id),
  ADD CONSTRAINT fk18_assign FOREIGN KEY (saloon_id) REFERENCES saloons (id);

ALTER TABLE ordered_details
  ADD CONSTRAINT fk14_assign FOREIGN KEY (reservation_id) REFERENCES reservations (id),
  ADD CONSTRAINT fk15_assign FOREIGN KEY (service_details_id) REFERENCES service_details (id);

ALTER TABLE ratings
  ADD CONSTRAINT fk8_assign FOREIGN KEY (employee_id) REFERENCES employees (id),
  ADD CONSTRAINT fk9_assign FOREIGN KEY (customer_id) REFERENCES customers (id);

ALTER TABLE reservations
  ADD CONSTRAINT fk10_assign FOREIGN KEY (customer_id) REFERENCES customers (id);

ALTER TABLE saloons
  ADD CONSTRAINT fk16_assign FOREIGN KEY (location_id) REFERENCES locations (id);

ALTER TABLE saloon_images
  ADD CONSTRAINT fk19_assign FOREIGN KEY (saloon_id) REFERENCES saloons (id);

ALTER TABLE saloon_tags
  ADD CONSTRAINT fk20_assign FOREIGN KEY (saloon_id) REFERENCES saloons (id),
  ADD CONSTRAINT fk21_assign FOREIGN KEY (tag_id) REFERENCES tags (id);

ALTER TABLE service_details
  ADD CONSTRAINT fk13_assign FOREIGN KEY (category_id) REFERENCES categories (id);

ALTER TABLE verification_tokens
  ADD CONSTRAINT fk1_assign FOREIGN KEY (credential_id) REFERENCES credentials (id);



COMMIT;




